id,name,positionId,teamId,leagueId
0x4846b560cbb6643391752e423dbbcb9296763f518d82ca240bc9f65ec38a6768,A. Bayındır,0,33,0xd1006d96bbb6b5fb744959f390735d5be8126631
0x17508357cbfdd2d03e0bdf728a618768b72ca07accd79226df05b567cbc8fb9a,T. Heaton,0,33,0xd1006d96bbb6b5fb744959f390735d5be8126631
0x1118a1c2eb5fdfa42e48f014d8b2780359f6f7c1c08aa84d76f23cf94773a903,A. Onana,0,33,0xd1006d96bbb6b5fb744959f390735d5be8126631
0x158316488016852838986b849935c950669332408688cef406b8af43d5041e45,V. Lindelöf,1,33,0xd1006d96bbb6b5fb744959f390735d5be8126631
0x07e743f449384f74e2edd4a65c0c2d6f805444ef41f9e8c6100232900069783a,N. Mazraoui,1,33,0xd1006d96bbb6b5fb744959f390735d5be8126631
0xace943aef983050c5d73b2b1baac127a829ac99f9b320fe7e11394877a5f305a,M. de Ligt,1,33,0xd1006d96bbb6b5fb744959f390735d5be8126631
0xab4031786e1bf95de88ed0faa4a4feb697e31c08024c91eaf6322952401aed41,H. Maguire,1,33,0xd1006d96bbb6b5fb744959f390735d5be8126631
0x68da742ea9ed80563adebefd4b5f4b528c074648f82bcd7f72a2f7cea90b9f46,Lisandro Martínez,1,33,0xd1006d96bbb6b5fb744959f390735d5be8126631
0x79edfcd22c4f93254e055e71efde0a25e39cc1559cc6e7c4f8fca119475f4bad,T. Malacia,1,33,0xd1006d96bbb6b5fb744959f390735d5be8126631
0x63cb45ef5e9e168617b426d94d4f20ee57846cc2d3b7efda65f917e5aa5f0d87,L. Yoro,1,33,0xd1006d96bbb6b5fb744959f390735d5be8126631
0x83c912879d83db065eb657df7acc6f2f9d394eaa37c365f3c8c7c062aef4ebe3,Diogo Dalot,1,33,0xd1006d96bbb6b5fb744959f390735d5be8126631
0x296d36963272c6cd97dea5d0151172ff1ccac36a83790e6f68dcac1a6fab5ee6,L. Shaw,1,33,0xd1006d96bbb6b5fb744959f390735d5be8126631
0xa351178867fcf850974c6ee5cc0ec9470fccec3ea08047bef10c96ba2976c328,J. Evans,1,33,0xd1006d96bbb6b5fb744959f390735d5be8126631
0xf025669d7fb78d74155fe40b30b584a1fcb04918819abd4e4e96c1ed6f001bbd,H. Amass,1,33,0xd1006d96bbb6b5fb744959f390735d5be8126631
0x4f88da78d0aba5ce3951e6f64867b23a9883bc91ac4ef2adcad2ccadbadcc6f3,H. Ogunneye,1,33,0xd1006d96bbb6b5fb744959f390735d5be8126631
0xeb315324f2ebca149b3464013bc546140c049b61a2f5c0ea5e13307b8c8f922e,G. Kukonki,1,33,0xd1006d96bbb6b5fb744959f390735d5be8126631
0x233f4875006445ae819dfa72ceb79ecc00fdc7f212d9aaf7d837d203617dd630,M. Mount,2,33,0xd1006d96bbb6b5fb744959f390735d5be8126631
0x82a358781d401cd7813d1024a9dc48aece6e740c192e41e6266c29b8a2ab43ef,Bruno Fernandes,2,33,0xd1006d96bbb6b5fb744959f390735d5be8126631
0xabcc181c67303d51f193134f2f53c4ffda27e4b7f814e10f71e1219adde6386d,C. Eriksen,2,33,0xd1006d96bbb6b5fb744959f390735d5be8126631
0xfe0d0cbee09e3f0b0e14c2b71b96dc4360fdca310ca410db6c43b4f430381a96,Casemiro,2,33,0xd1006d96bbb6b5fb744959f390735d5be8126631
0xc2389ad4093a646845111a80cadafffb1bb3bec0d0916b472c2dc95c807de3d1,M. Ugarte,2,33,0xd1006d96bbb6b5fb744959f390735d5be8126631
0xd39bb2dd312d8de98ac6df60813ddd20e8402e194eae0825cf5b6a4d4568fb0b,K. Mainoo,2,33,0xd1006d96bbb6b5fb744959f390735d5be8126631
0x9d5c05258f621a6e728125a532779774dc3f9f69cd4499f519447194857bc46e,Tobias Christopher Collyer,2,33,0xd1006d96bbb6b5fb744959f390735d5be8126631
0x1e3347a4d517e537ae805c169375ef8f896c42e8c495d67e28dcea3ebe41edc7,Daniel Gore,2,33,0xd1006d96bbb6b5fb744959f390735d5be8126631
0xbbf5befade4b7506d5c6e27f8bc90da76a84903643ccccae96fa2e3c14df8e1e,J. Fletcher,2,33,0xd1006d96bbb6b5fb744959f390735d5be8126631
0xc925052b6705a98b7e956a4ad06e3b31497184aebe1d4996254530c08a8086b6,Jayce Fitzgerald,2,33,0xd1006d96bbb6b5fb744959f390735d5be8126631
0x5f794f8701e1a076f863b62f7e2748299da88b369207ed68c7fd036ae08fab94,R. Højlund,3,33,0xd1006d96bbb6b5fb744959f390735d5be8126631
0xf3871047ae794bd7cff3bd2eef02cf82c04cb9255ef2d14bbf720e41a23e3cd7,M. Rashford,3,33,0xd1006d96bbb6b5fb744959f390735d5be8126631
0x90a7aac038407aa4cd8dbff8c939a3fb3ebc6a1b0c30276856dc563cd73039f0,J. Zirkzee,3,33,0xd1006d96bbb6b5fb744959f390735d5be8126631
0x5d37c9366571b6baaa00933a685dd9599a407ece64c595befe4de900ff412749,A. Diallo,3,33,0xd1006d96bbb6b5fb744959f390735d5be8126631
0x0fa92bcd7af34ff41f6759e388d98e2811aa617c861c8487a44539b1c34c9ce9,A. Garnacho,3,33,0xd1006d96bbb6b5fb744959f390735d5be8126631
0x2d7ec640e889d33e93eca23e994ccb3c852fd2116365dfec172d2bde0d8b204e,Antony,3,33,0xd1006d96bbb6b5fb744959f390735d5be8126631
0x5be543a6d6e293c0a7fd42309b82216796825e94dbfcb411f8707b6a348aab85,E. Wheatley,3,33,0xd1006d96bbb6b5fb744959f390735d5be8126631
0xff62b32bc37e5ecb7d13b9b7dd044f8e9983eb9fa20776ba8740f62de4a78159,M. Dúbravka,0,34,0xd1006d96bbb6b5fb744959f390735d5be8126631
0xc22788ce822253d49cd6025341f8b6c6663e7d1b601cab7c5472e601a74ed88e,O. Vlachodimos,0,34,0xd1006d96bbb6b5fb744959f390735d5be8126631
0x0ebc3c577b58981d182a23d2b30e5935c04de680403cc08b07f29c7d1c087506,N. Pope,0,34,0xd1006d96bbb6b5fb744959f390735d5be8126631
0x9f42c06d125bae308a7cfe90d45c4f8ca1350fd778de6429b3fcc5aaea67c1b9,J. Ruddy,0,34,0xd1006d96bbb6b5fb744959f390735d5be8126631
0x40eb023eea0bf4ad94e4decc7fad3b3ded0337df63f1451b5bd2a75635da3562,M. Gillespie,0,34,0xd1006d96bbb6b5fb744959f390735d5be8126631
0x08198119e5361780a8ad493b3bb3b367ecf4c78206d2e2bc94bf91c22666f543,K. Trippier,1,34,0xd1006d96bbb6b5fb744959f390735d5be8126631
0xbf4c21ddb308773a622a1c668dddc3140ecec39d9a84f4dc469e3f655426fdb4,S. Botman,1,34,0xd1006d96bbb6b5fb744959f390735d5be8126631
0x2d15298fad0eb35ce3a45bffcc55b9101d231fff1cd03169faf8dcde1e0283bb,F. Schär,1,34,0xd1006d96bbb6b5fb744959f390735d5be8126631
0xcdc730c8520cc396e26a80e9af15318045d3afff22ae1d8e28c9643ca448b502,J. Lascelles,1,34,0xd1006d96bbb6b5fb744959f390735d5be8126631
0xa7d39fdb16dcf31d17f5072cc787cee958f082c5b9dd4fa7291b0e110b636eff,M. Targett,1,34,0xd1006d96bbb6b5fb744959f390735d5be8126631
0x77e2ad22b22a21450328069cfbdb20f12a144f1b096021d913c93fbc405e7043,E. Krafth,1,34,0xd1006d96bbb6b5fb744959f390735d5be8126631
0xcb628d6fa336bd5403a6b21dab226acdbb230c139104d187b037217b9f706938,L. Hall,1,34,0xd1006d96bbb6b5fb744959f390735d5be8126631
0x984899e45f75e973b7d63cf2a3eec5de4ae814db383c470dd88f5f3279e72b26,T. Livramento,1,34,0xd1006d96bbb6b5fb744959f390735d5be8126631
0x133e2868474a4c5e26403bd717b57711ea3f7df387c6b74f3d67205fc56c286b,L. Kelly,1,34,0xd1006d96bbb6b5fb744959f390735d5be8126631
0x4617e7e1cb63327e065d0a5ae4f1f31efb3860b5f590735544a8c17f7fd22f70,D. Burn,1,34,0xd1006d96bbb6b5fb744959f390735d5be8126631
0xa9679ac99a306619a4cdec5da3a41cc6485bae85b1056353324dc85376635fc5,A. Murphy,1,34,0xd1006d96bbb6b5fb744959f390735d5be8126631
0x6db04bc903ba2b0fe2536e9e7fa103acbf6f4d446ad2bb02e0701272c1f1da24,S. Tonali,2,34,0xd1006d96bbb6b5fb744959f390735d5be8126631
0x6320d37de5aa078e04b392297ed6c88971ba2a652075095ff197fba4d0900ab7,H. Barnes,2,34,0xd1006d96bbb6b5fb744959f390735d5be8126631
0x8410c6df1a300e69c93006c644e6537a8f4f0d82afca1ad2c81edcb71d430d6a,J. Murphy,2,34,0xd1006d96bbb6b5fb744959f390735d5be8126631
0xd349b05f803cdd0485d1cee85f7aa240b2ceb9a24493953c2859e8a7d7543f8f,M. Almirón,2,34,0xd1006d96bbb6b5fb744959f390735d5be8126631
0xb8a3a35880d8983b1c32a6a41537ef43bdaf63e231c311d3f2976d16f5457072,J. Willock,2,34,0xd1006d96bbb6b5fb744959f390735d5be8126631
0x66f0d091f8ba888f8efab1ff08313cbccb2fa17aba9118aa48f33c2fe1366696,S. Longstaff,2,34,0xd1006d96bbb6b5fb744959f390735d5be8126631
0x79c03b46aad35d9f537a45397b4f36c09d1b73e9098fd79e8cc3c8db4f5ca470,Bruno Guimarães,2,34,0xd1006d96bbb6b5fb744959f390735d5be8126631
0x68a3cc32fb8210a9c9b4f98a4b9871ec2fe85c5c55def101ac31a3960fa242b1,L. Miley,2,34,0xd1006d96bbb6b5fb744959f390735d5be8126631
0x94ead38eaa9dd247f496ddff049f5826f8e73e37b61fdbc1a8db3aa09bc73d2d,I. Hayden,2,34,0xd1006d96bbb6b5fb744959f390735d5be8126631
0x146464caa941b3df19ea42d2d557caa2611bcdb53aea7a89c0403b232c637afa,Joelinton,3,34,0xd1006d96bbb6b5fb744959f390735d5be8126631
0x4187a30054f188189229cd449b4e4b2b4e096986085f949b1f2a2daaf83a5a27,C. Wilson,3,34,0xd1006d96bbb6b5fb744959f390735d5be8126631
0xb3111703306afc66fc31a4beb44dd080bf45c0d049a376a71264f4f28566df25,A. Gordon,3,34,0xd1006d96bbb6b5fb744959f390735d5be8126631
0xe3aae7b1d7fff76c6fd692baeeda3607f1d9e2706e805a2231c9fef485cc524c,A. Isak,3,34,0xd1006d96bbb6b5fb744959f390735d5be8126631
0xc469a6f2dceb33e40b5918e11a9ee9e712f67cc826dd532de0e3b1199af31d87,W. Osula,3,34,0xd1006d96bbb6b5fb744959f390735d5be8126631
0x3a72f2f104e3565659ce51298638fd1dae610a8089736571775d40f841a63b62,G. Kuol,3,34,0xd1006d96bbb6b5fb744959f390735d5be8126631
0xe7411a9a00b274b2e6ad58c8584cb486820f94a85c4b60a51f2c646537f031fe,Kepa,0,35,0xd1006d96bbb6b5fb744959f390735d5be8126631
0xa6b1db893378f149b2c6bca4194ec841660ea14190298ddb76663910b395eecd,W. Dennis,0,35,0xd1006d96bbb6b5fb744959f390735d5be8126631
0x45a22999915a67220d2a748de897b5ebea3f54372ea60ea4f2accbe221993f18,M. Travers,0,35,0xd1006d96bbb6b5fb744959f390735d5be8126631
0x37c3add6dc190df3021daaf7ea8c79609f018c59f5fa588cd53a1c46ac252229,D. Huijsen,1,35,0xd1006d96bbb6b5fb744959f390735d5be8126631
0x0aef1075db852ebfc32f4a03b260886c9df2ccd779c9f75c96242c0f96ebbb33,M. Kerkez,1,35,0xd1006d96bbb6b5fb744959f390735d5be8126631
0xb2e961d99606410a1c7fa90205c2833364abbacfe0903f0f236e690521177a1b,M. Senesi,1,35,0xd1006d96bbb6b5fb744959f390735d5be8126631
0xa52a3195bb3868c0a0b9c92886f375c5cb53dcb12d3bb0dbac55f5d207e60a16,A. Smith,1,35,0xd1006d96bbb6b5fb744959f390735d5be8126631
0x93bd0b81355904a704c0f21f5813032668cdfecc91f61fe9ab44241d2ac0738b,J. Araujo,1,35,0xd1006d96bbb6b5fb744959f390735d5be8126631
0xa99f0351f600ee857d6d56cc2c6869a57b5048e8fb9a9a7ea926a4f99a183547,J. Hill,1,35,0xd1006d96bbb6b5fb744959f390735d5be8126631
0x262eee24b198de24e744fd35d26addc537c8c35180b263efebad436d1d3628a2,I. Zabarnyi,1,35,0xd1006d96bbb6b5fb744959f390735d5be8126631
0x6648a6677e3c5c5087ccf43b5ef2f37277ee153f453ab3f35cbbb5d2523e62a7,M. Aarons,1,35,0xd1006d96bbb6b5fb744959f390735d5be8126631
0x65a41c567d90b0e56de9812b02704815b97c9ffc1923189a69d5778eab2a0196,M. Kinsey-Wellings,1,35,0xd1006d96bbb6b5fb744959f390735d5be8126631
0x5163d8dd5b6325f8e55eaf2aad31a43332aa916e26c245d83863f4e1c1cc4e7b,L. Cook,2,35,0xd1006d96bbb6b5fb744959f390735d5be8126631
0x447e9295a4525bd632ffb4d13a8a91d104e04f1ffe834186a2f709eefc4e0f3e,D. Brooks,2,35,0xd1006d96bbb6b5fb744959f390735d5be8126631
0x2fea52dca152067005a1b3ae4834db0dcec601a91f2aa1a2d028dae5f6d551ac,A. Scott,2,35,0xd1006d96bbb6b5fb744959f390735d5be8126631
0xe6210dcb84f5ef49a4c80451074dc4b653ee2ef8eb944cd89a06df19824f4cdc,R. Christie,2,35,0xd1006d96bbb6b5fb744959f390735d5be8126631
0xc4a1b7517d5f557120a8e6be4c12a0dad232fb01ed90a6233be3e4ee95b2d900,T. Adams,2,35,0xd1006d96bbb6b5fb744959f390735d5be8126631
0xf3c0f06dbc3cb060b6bef9da082afb250ff3a85dfdb959c4a8c139bbd736e078,M. Tavernier,2,35,0xd1006d96bbb6b5fb744959f390735d5be8126631
0xf32d4d40c1f68d134aae56ffbe266f274ac6f1e5aa7972581261f31679c3ae41,P. Billing,2,35,0xd1006d96bbb6b5fb744959f390735d5be8126631
0x1c0d493fb9abcd69660c65afdb5efc7e09d46e142e81f273f177171681a76d35,Ben Winterburn,2,35,0xd1006d96bbb6b5fb744959f390735d5be8126631
0x281d4c53cb67affa53b349a05e3f8c406fbed064462fa7b0249559f06412f494,Evanilson,3,35,0xd1006d96bbb6b5fb744959f390735d5be8126631
0xe27a845bfee0a64dad5ed82936d7afa5c37a2e51fb988d912a254a2cb9b5d652,D. Ouattara,3,35,0xd1006d96bbb6b5fb744959f390735d5be8126631
0x35445b309880397b3b96cb641e177e20a01ded719696047f85dfc409dc6a4551,L. Sinisterra,3,35,0xd1006d96bbb6b5fb744959f390735d5be8126631
0x7d628dfa937ae56d2352b95637c1cf9fc5869ebf01d5dbce60bbbb6263800d9d,J. Kluivert,3,35,0xd1006d96bbb6b5fb744959f390735d5be8126631
0x1d1a599e581501d21cb6285fd6b7556d66d2e5c6d23b009aaa849bcff3967879,A. Semenyo,3,35,0xd1006d96bbb6b5fb744959f390735d5be8126631
0x72a8e270aa142518b9d45ba86fbb2873b357fd3095cab46aa16d0b100ab0cb4b,E. Ünal,3,35,0xd1006d96bbb6b5fb744959f390735d5be8126631
0x2b38891560a544b5a190d30b4c5ae88eca28c8bad71933822c645e58b0be9cd4,B. Leno,0,36,0xd1006d96bbb6b5fb744959f390735d5be8126631
0x1f53838518a95929e72dfa5163ea28244e34fd63d6abf894fdd173064a6aeca8,S. Benda,0,36,0xd1006d96bbb6b5fb744959f390735d5be8126631
0xdc5e9e887fd75fb92c6867cc23f8af50d197853fc403f9a64c9e2067e7c17081,Alexander Paul Borto,0,36,0xd1006d96bbb6b5fb744959f390735d5be8126631
0xb890d7eff7e0ade1601c7d3b4e451f7e85e814befefe780b12cecfddec596f86,K. Tete,1,36,0xd1006d96bbb6b5fb744959f390735d5be8126631
0x457face90ded84a4bafd8c6852a63466c08051c55a9e7540497aed9457309dbf,C. Bassey,1,36,0xd1006d96bbb6b5fb744959f390735d5be8126631
0x385f723d33eb7a788edd0ba8c2cebb0318b70f964a498e5c857f92e17bcfc6b8,J. Andersen,1,36,0xd1006d96bbb6b5fb744959f390735d5be8126631
0xa6f252c86e9f0b7dc528b347c3b42f8cb210cd76e85ce0828b6a25344e378417,Jorge Cuenca,1,36,0xd1006d96bbb6b5fb744959f390735d5be8126631
0xc7a245b96674a7735205d195ec0312544c0f4b6077adf24f84f119a00b1c5605,T. Castagne,1,36,0xd1006d96bbb6b5fb744959f390735d5be8126631
0xd5cfadd8bf575f322f78a3bc2542096129d043f0e666dd6ec9c052932f013bde,I. Diop,1,36,0xd1006d96bbb6b5fb744959f390735d5be8126631
0x32852b66def0c1184b1436fb998a905f19b99cca41cc61b48bc70852ed3cfc92,A. Robinson,1,36,0xd1006d96bbb6b5fb744959f390735d5be8126631
0x63a60daf0802c1c2b77932c0065e63ec615ac4bdad42b3a2fdcb460626dd40f5,S. Amissah,1,36,0xd1006d96bbb6b5fb744959f390735d5be8126631
0x733a3ee259c339fd9776c2d8d139cb9f7f857588c7337e6094bf78edcffce803,L. De Fougerolles,1,36,0xd1006d96bbb6b5fb744959f390735d5be8126631
0x070e4a6a7e9637a71d0381847a7388ac894c8ae6a40f086bd4d1e2c04daeed45,H. Reed,2,36,0xd1006d96bbb6b5fb744959f390735d5be8126631
0xc260a1984b1e40e52ebc9cab5b6d7ebdd4f4a8b3a31b813eecd0da460d5c6c16,H. Wilson,2,36,0xd1006d96bbb6b5fb744959f390735d5be8126631
0xf964f3bb47584a0948d0d5f0ff4a4bfe6a426c073484bde109dcdd8f4e203c44,T. Cairney,2,36,0xd1006d96bbb6b5fb744959f390735d5be8126631
0xeb3a44dec19c8647fb94594cfb4d7808a6bc7fb14e81bb6a43ec2b31e575c5f0,S. Berge,2,36,0xd1006d96bbb6b5fb744959f390735d5be8126631
0x3ba1cd5103322c6b26f68cf2ef138fc3f806fd983fc123dac2f1efc3126349cd,Andreas Pereira,2,36,0xd1006d96bbb6b5fb744959f390735d5be8126631
0x25397a2f6148e0c60d488ef8dd4963e1fb9472a9958c58bf2ddbca07faf25137,S. Lukić,2,36,0xd1006d96bbb6b5fb744959f390735d5be8126631
0xb176b37cddab525d48805e7cdfb89b34b712ca4e13db39e1730c98a618bce79d,Joshua King,2,36,0xd1006d96bbb6b5fb744959f390735d5be8126631
0x0d57e99935bfa1cd3c5092817bd059ab134a62673e45388fd90b3c02d31176c2,R. Sessegnon,2,36,0xd1006d96bbb6b5fb744959f390735d5be8126631
0x15cb42ee6f4cd0afc2de46d2c50ad432e5b507ecf242162d56171449eaf29d25,E. Smith Rowe,2,36,0xd1006d96bbb6b5fb744959f390735d5be8126631
0xb760f8834e539a5647b5d42509634c3298af4ae02fa1580d39093f046b8edb7e,R. Jiménez,3,36,0xd1006d96bbb6b5fb744959f390735d5be8126631
0xe50954a92e957bd586e8d5f867fef994e8ec2dff24b23b48cfee1015e35862bd,Rodrigo Muniz,3,36,0xd1006d96bbb6b5fb744959f390735d5be8126631
0x348da4b0dc2337d1884ab2fb768ce2d5c5e991204170c9ef12f4e6384c62233e,Adama Traoré,3,36,0xd1006d96bbb6b5fb744959f390735d5be8126631
0xbdffc689ae4ba16a03e00671428885739d54072e79a6971e3580bb9467c38d90,Carlos Vinícius,3,36,0xd1006d96bbb6b5fb744959f390735d5be8126631
0x6b3bfe39195145cca9bc199ea7cdde9cd1a48fab069a2dc8be2748dce20168f5,A. Iwobi,3,36,0xd1006d96bbb6b5fb744959f390735d5be8126631
0x3f9efc41d92f91632fd27c5d84e7d9c711e0a4b20d41b1dd66ee9c56aae9e798,R. Nelson,3,36,0xd1006d96bbb6b5fb744959f390735d5be8126631
0x8190662c7b59684b0b837713611385f0b397db7d747fca5a36912086e06970c2,M. Godo,3,36,0xd1006d96bbb6b5fb744959f390735d5be8126631
0x1d0dc03c35bd06b8c98df3966e272f145aebcfd2a22acf5c6d02f5901c3fcac4,José Sá,0,39,0xd1006d96bbb6b5fb744959f390735d5be8126631
0x74fd77a69a84e42b985b4ac6655223be5cbc23013fc13aa5945c65823e22fb65,D. Bentley,0,39,0xd1006d96bbb6b5fb744959f390735d5be8126631
0xfee35729fc215bb0db7e574772a75a563fcc299d9872bb5eff6213db5ad87e19,S. Johnstone,0,39,0xd1006d96bbb6b5fb744959f390735d5be8126631
0x4e0a4fb3a9d123deac4d4f5b8f59fe6bdb4765ee644d716fcc4b18a0105e8565,T. King,0,39,0xd1006d96bbb6b5fb744959f390735d5be8126631
0x05f2f269ce97543cc6250b4bc6e659ba870d48e5f007f0803b709b025072cafe,M. Doherty,1,39,0xd1006d96bbb6b5fb744959f390735d5be8126631
0xcdbfd1c0cefb46256e26f5e505b390630b4f4eb0e5e7cec949b2c86c326a0ec0,R. Aït-Nouri,1,39,0xd1006d96bbb6b5fb744959f390735d5be8126631
0xe11281d1c46036e7e8acecafbc40be78abf7006cd6312f3727ef4a9fbd34698f,S. Bueno,1,39,0xd1006d96bbb6b5fb744959f390735d5be8126631
0x9c64e044dd30526905e49897d4efc8119c226f6627715d4aca72ea8105d3436b,Y. Mosquera,1,39,0xd1006d96bbb6b5fb744959f390735d5be8126631
0x3cf9a1e1e5ec181e58ab104aca729145f26df29b943bdbc989af9a04098dbca7,C. Dawson,1,39,0xd1006d96bbb6b5fb744959f390735d5be8126631
0x06e3da713ba9570b9a9eeb01117d3a169cc362f9b272e2a2583ae85587beca79,Nélson Semedo,1,39,0xd1006d96bbb6b5fb744959f390735d5be8126631
0xe0e1e432a15067e0437bfef5f7d7f998c814a4af2cb80e0d022f120a2ddcad3d,Toti Gomes,1,39,0xd1006d96bbb6b5fb744959f390735d5be8126631
0x8986bf35165609096a407c5ded53b6421f8835378d7d29bc445b36adb250b8b1,B. Meupiyou,1,39,0xd1006d96bbb6b5fb744959f390735d5be8126631
0x9c4e1fa072fb5fab7195ce1912edb93bd0e2a8b8036c860ee530bc34c477d51b,Pedro Lima,1,39,0xd1006d96bbb6b5fb744959f390735d5be8126631
0xc7d4cad733c26c4f748a65ea3b115568d947ec642225c16e1baeeb531e793676,A. Pond,1,39,0xd1006d96bbb6b5fb744959f390735d5be8126631
0x48c98aba0cb0d0e78533dcb471da3f108118bdbc730b21ebe66899c04f283e10,M. Lemina,2,39,0xd1006d96bbb6b5fb744959f390735d5be8126631
0x11651c0d5c4f3bbd8a438f2aa2d6e917c7cb3db00f3bab130d9e7d8b0d539b02,B. Traoré,2,39,0xd1006d96bbb6b5fb744959f390735d5be8126631
0x8f665a9e55c86035cec94878c4083f9acb17197b0a2c4a40d78f337c8d957daf,André,2,39,0xd1006d96bbb6b5fb744959f390735d5be8126631
0xf852de0592cf136382748539f561d1a52ae0330145f833aceb1768797199e183,João Gomes,2,39,0xd1006d96bbb6b5fb744959f390735d5be8126631
0x8bd19807c333de22aee8d27ed93e6df311de107d87ba823bd755a43b51842d3e,T. Doyle,2,39,0xd1006d96bbb6b5fb744959f390735d5be8126631
0x2d700ac7f464aaebc60eba7eb0cdccfce7cbb91afb9188172d760c9194ca0753,Pablo Sarabia,2,39,0xd1006d96bbb6b5fb744959f390735d5be8126631
0x878bef9bddd62c81ea49407249132d7099a462b8eaeeb7f36cc66ede7cfeddd3,J. Bellegarde,2,39,0xd1006d96bbb6b5fb744959f390735d5be8126631
0xfaf6196d80678f020fdf3b5a66f7435a8c0cad49db17e38b58b7c755afd287be,L. Cundle,2,39,0xd1006d96bbb6b5fb744959f390735d5be8126631
0x1c6a762c957cf562ee2613f6da4c70c065446452d8f45de869b5866630b06dac,L. Rawlings,2,39,0xd1006d96bbb6b5fb744959f390735d5be8126631
0x7714670378a234fa9cc8c1c2476e78ce9cbc96a05dc5ad84e60d2af559753dad,J. Strand Larsen,3,39,0xd1006d96bbb6b5fb744959f390735d5be8126631
0x6b7754c78ad7efe9de846ca724a42d673b28eb748e40fc37169e388c62fdeaec,Matheus Cunha,3,39,0xd1006d96bbb6b5fb744959f390735d5be8126631
0x69d0a4017f2cf9397010aac1bff5bf0f5273791d122ac6cd52c46bce0406e9ea,Hwang Hee-Chan,3,39,0xd1006d96bbb6b5fb744959f390735d5be8126631
0x9cd2677b43173d04c16fc67dbe7d1f6de2efd71f5e8ecee19d8f427f8ebcda69,S. Kalajdzic,3,39,0xd1006d96bbb6b5fb744959f390735d5be8126631
0x4a0e7e3d011c652eb2d8b894ae39f644b69ba38be5343e8f87cbee474e5c853a,Rodrigo Gomes,3,39,0xd1006d96bbb6b5fb744959f390735d5be8126631
0x808b68d88969a02e5e49de9a3612b54aba0b400bd0d574d072e11d7ce12a3805,Carlos Forbs,3,39,0xd1006d96bbb6b5fb744959f390735d5be8126631
0xb5fbfa0713654a33c597be5c2583869932925f4866c4cddda32fe56d2f02e17a,Gonçalo Guedes,3,39,0xd1006d96bbb6b5fb744959f390735d5be8126631
0xa385388bba137ddd80e510051d08ca03f4810667f04a8d5b6c67fb850511e8a6,E. González,3,39,0xd1006d96bbb6b5fb744959f390735d5be8126631
0x45135f6cf33b3661e646ff0c6b6f7effa1612692ab152c890e871ebb4f1230f9,T. Edozie,3,39,0xd1006d96bbb6b5fb744959f390735d5be8126631
0x89b8815bbdb9d013f02a33e7e064a94a5c387e930f773aa1ed7d12b7bd7f8d92,N. Fraser,3,39,0xd1006d96bbb6b5fb744959f390735d5be8126631
0xabcf6d7b19be8eaa6d8c69967b059389ebc488913a2efd93a99d66479efcba2a,Alisson Becker,0,40,0xd1006d96bbb6b5fb744959f390735d5be8126631
0x64999ada00147f07aa4849344efd93bdea8fc4fc5db11fd3e13163336932a19d,V. Jaroš,0,40,0xd1006d96bbb6b5fb744959f390735d5be8126631
0x073f5fe7c4ea0bf71107b0e69d8c2251cc23414a396945d3a2b94d38f8a06d8b,C. Kelleher,0,40,0xd1006d96bbb6b5fb744959f390735d5be8126631
0xb3edbd6d9e800554b4459ee1ae2d8686a59eac518a10912beab8d9dfa5993530,H. Davies,0,40,0xd1006d96bbb6b5fb744959f390735d5be8126631
0x12d7b3e15e13826163c9d8dd5dc45bec58c21c88ee61f81ff62066bc83d22010,J. Gomez,1,40,0xd1006d96bbb6b5fb744959f390735d5be8126631
0xe3e47af0474da7b951c097626fe1a074cca0be3ca6bcc4008452a6c5e3016392,V. van Dijk,1,40,0xd1006d96bbb6b5fb744959f390735d5be8126631
0x2ffccf95f7c0a6793ac8b471cb8a9237346c6c5d2c0aa204d5fe7ced45b264ca,I. Konaté,1,40,0xd1006d96bbb6b5fb744959f390735d5be8126631
0xcc048ca5041d9c156e6b47035750288d15a3da36dc3cb1f3ed4156c8c13ea99d,K. Tsimikas,1,40,0xd1006d96bbb6b5fb744959f390735d5be8126631
0x8eb69b5102571227b76bd1840deba1376b17ae4358cddf7b6d65578d38285b00,A. Robertson,1,40,0xd1006d96bbb6b5fb744959f390735d5be8126631
0x68b176ed08c1a23595c32b09fa77d1b875517d87836bfb37e90768a3d59fb69d,A. Nallo,1,40,0xd1006d96bbb6b5fb744959f390735d5be8126631
0x74b736ebd3e51202ff220ecc50727882edd32f7c00b8d6c46c6c5669193d9853,T. Alexander-Arnold,1,40,0xd1006d96bbb6b5fb744959f390735d5be8126631
0x8ffada594c95c2bfed1294e4b985b1a90e1e85cf4370155e6512e75cd6111fed,J. Quansah,1,40,0xd1006d96bbb6b5fb744959f390735d5be8126631
0xf3c7b01a6eaf16f7a963d2feedcaf41574f74b78c76b61b0c03c40a8e3341f34,C. Bradley,1,40,0xd1006d96bbb6b5fb744959f390735d5be8126631
0x6416090292675a0320f23914f055fe8cae93430adbea2f79cfa0cc64fe191bce,James Barry Norris,1,40,0xd1006d96bbb6b5fb744959f390735d5be8126631
0x593eb62aacb7f65cd5a4df0590008dbcb07ee8b88509498c4fcd0450eb890259,W. Endo,2,40,0xd1006d96bbb6b5fb744959f390735d5be8126631
0x362ae904f2f6476c380fcd02d7b87e956c7ea5db3fdf89dc7843fc6736116e00,D. Szoboszlai,2,40,0xd1006d96bbb6b5fb744959f390735d5be8126631
0x060b773f94762781e5b57ab37433eabfe5fbe9e39b1ef4d7dd0fa2a27c5e5889,A. Mac Allister,2,40,0xd1006d96bbb6b5fb744959f390735d5be8126631
0xa4abf9e4f579f774b0438740238dc8c865b99e2a7d12977cdb384f3a9e115230,C. Jones,2,40,0xd1006d96bbb6b5fb744959f390735d5be8126631
0xe70467f94b12e9fefc17e953313ddc933a6db1640ee51324f860bf1e57c66111,H. Elliott,2,40,0xd1006d96bbb6b5fb744959f390735d5be8126631
0xc44cf81b67bd7796f007901a667f812339864385bb466208a16530fada650589,R. Gravenberch,2,40,0xd1006d96bbb6b5fb744959f390735d5be8126631
0x13507f5d8715a8770958e728a901bf3b566786d46fdb30ed5d686b09dc2a80b1,J. McConnell,2,40,0xd1006d96bbb6b5fb744959f390735d5be8126631
0xa20a259235db225395abfc4a9ab22dffba50475e9412af9497d95e558fba37c3,T. Morton,2,40,0xd1006d96bbb6b5fb744959f390735d5be8126631
0xb88b93ad469b2ed21d207b4449c35ffe78cc82e89d9d65e6b95e477dd16f229b,T. Nyoni,2,40,0xd1006d96bbb6b5fb744959f390735d5be8126631
0x16ec587de6aa86b1b89ae034079d42a56445bae47c3c08e4b6a06a3d66d38479,L. Díaz,3,40,0xd1006d96bbb6b5fb744959f390735d5be8126631
0xcf85ca642bef397f0c2060e35e1522ce365c744acd0fd5182156cd741092e037,D. Núñez,3,40,0xd1006d96bbb6b5fb744959f390735d5be8126631
0x6fd8a145ec86f539bc7a32037ef0949c6f2b35a39d4a4e430572d19344b089ea,Mohamed Salah,3,40,0xd1006d96bbb6b5fb744959f390735d5be8126631
0xd1d46028de03617d265edd7365bed039cd59bade3313a854ca04b48e2e0f1914,F. Chiesa,3,40,0xd1006d96bbb6b5fb744959f390735d5be8126631
0x8d9f79f77cbc940e79585d0b2072e0db5298a30295f80a41c533aef96037d992,C. Gakpo,3,40,0xd1006d96bbb6b5fb744959f390735d5be8126631
0xc95ef2c6e254544a2bf3f2dfef095e9ae1c5744acfa8a9e777120e8c5a4f0637,Diogo Jota,3,40,0xd1006d96bbb6b5fb744959f390735d5be8126631
0x802c20a5591b05fb72ac3ec916c02f44a639e6ef87ff9511729d5f134f7b1d2c,J. Danns,3,40,0xd1006d96bbb6b5fb744959f390735d5be8126631
0x4bc989effe6dea42086882ba29cedfbb189b007327e4ffe67712031f1a715eff,R. Young,3,40,0xd1006d96bbb6b5fb744959f390735d5be8126631
0x303cf1fe460a51d1e1249eb09d378fda3ae187a26da80e73b56eb301e24bdd0e,R. Ngumoha,3,40,0xd1006d96bbb6b5fb744959f390735d5be8126631
0xeb6aacc0d9965976827c2d8d31be8b3f452577bcfc2055fb1a2fc696383d188d,A. McCarthy,0,41,0xd1006d96bbb6b5fb744959f390735d5be8126631
0xd5945ba4ff7237f907212576e2ad51d53db862b91fe546f55e0319f9855e6441,J. Lumley,0,41,0xd1006d96bbb6b5fb744959f390735d5be8126631
0x4d05b1aa52c960f972e5065c1a7e16345eb34f6a2fc31d746efd5164e9811ed9,A. Ramsdale,0,41,0xd1006d96bbb6b5fb744959f390735d5be8126631
0x07485165e2cb2f89ef9f8ef25dd79a22a61169f5e9d41c11e6520ae55c8fbb6c,G. Bazunu,0,41,0xd1006d96bbb6b5fb744959f390735d5be8126631
0x55af8cc70b121913e1d15051e92449a3b090c96f9773ea61be4407c7d1a3adc8,K. Walker-Peters,1,41,0xd1006d96bbb6b5fb744959f390735d5be8126631
0x6020bb90b2e96889b946ee47d420d75b0a67cd8d55ec2ccbde659cb15518889b,R. Manning,1,41,0xd1006d96bbb6b5fb744959f390735d5be8126631
0x2c4faaf017d48b1407942fdb51a192fb952135b62d7c17c87f759eab505f3ee0,J. Stephens,1,41,0xd1006d96bbb6b5fb744959f390735d5be8126631
0x81881dd8a8cc9bc4b634d2e772181faa1db5cd496584318e2dcc88db5f354eb0,T. Harwood-Bellis,1,41,0xd1006d96bbb6b5fb744959f390735d5be8126631
0xbccab332194a51009a92fd89e8c57c92174c3cde7241c5c025572ddd13c21738,R. Edwards,1,41,0xd1006d96bbb6b5fb744959f390735d5be8126631
0x2402e9d7ff1cb0c3baa453c1fa610f072a311c6f039b6f60e3ab1ce9daeb5440,J. Bree,1,41,0xd1006d96bbb6b5fb744959f390735d5be8126631
0x94ea711d3739658e61f81d8442ef9e6c83bad288ed687b89c04ed22a9ea5b378,N. Wood-Gordon,1,41,0xd1006d96bbb6b5fb744959f390735d5be8126631
0x41aeb470e96862fb386e962c9e4eadc8da21ddb0c5c24d74a1ce1fff40217040,Y. Sugawara,1,41,0xd1006d96bbb6b5fb744959f390735d5be8126631
0x155ea9abd64fe40d40bfbc073bd2d895439e220cf28f50eb2e2c028e5a73dd85,C. Taylor,1,41,0xd1006d96bbb6b5fb744959f390735d5be8126631
0x906c1ed6f7dc5003876d08743bddbc0bc39ee4f58776c1700e55b5a5abb74ce1,Juan Larios,1,41,0xd1006d96bbb6b5fb744959f390735d5be8126631
0xf64eda04388a84b6fa5d9eac874434ba0e5a47b869026da3bbaa5a49db8bb9af,J. Bednarek,1,41,0xd1006d96bbb6b5fb744959f390735d5be8126631
0x14c1e392873a054d1a00a30ea162672c126136cd2e92d7be89598b90690acb2a,A. Bella-Kotchap,1,41,0xd1006d96bbb6b5fb744959f390735d5be8126631
0x81d60c8267f125060f2afa7c54d225291fa3577a891ea621ecb98acb75735036,Jayden Moore,1,41,0xd1006d96bbb6b5fb744959f390735d5be8126631
0x7d658ce27e9f1c71e0dcf39d4685c53bb052213a5c209d2a86e3aac084fbb90b,F. Downes,2,41,0xd1006d96bbb6b5fb744959f390735d5be8126631
0xb21f8de849b0aa040e9714bf3e8b6f99b17f48ba7aa6232a1087304ccf47dc04,J. Aribo,2,41,0xd1006d96bbb6b5fb744959f390735d5be8126631
0xc5a507be954e50cb0c3086080656bbebff4145553e5deed13b463af3a9e65b5e,W. Smallbone,2,41,0xd1006d96bbb6b5fb744959f390735d5be8126631
0x9300477c1db9715275770e28881f90a604d0a3626c462ece868409a9971e2a46,A. Lallana,2,41,0xd1006d96bbb6b5fb744959f390735d5be8126631
0xb950f9cb20760c2563adab2759588c086592adea8f4d24b4f9e080454fa351b4,Mateus Fernandes,2,41,0xd1006d96bbb6b5fb744959f390735d5be8126631
0x070c12d656eb345236d97539ee95c41e9e1a7ecefd7719485e8fe7c6a49d7478,K. Sulemana,2,41,0xd1006d96bbb6b5fb744959f390735d5be8126631
0x54740a2bcddaee5256831d6946675d0fb549f0f0851780a6c6b7cda887cf1a21,R. Fraser,2,41,0xd1006d96bbb6b5fb744959f390735d5be8126631
0x28b1ae178b98426cb12fdaba3570abc7099ed3fa2a213f4cdd9a18e7cf2e87a9,L. Ugochukwu,2,41,0xd1006d96bbb6b5fb744959f390735d5be8126631
0xf3e5cf907b76c28b5e269e3e3ba0525667dfc0c114b77e7a38ec30c052e83cd1,S. Amo-Ameyaw,2,41,0xd1006d96bbb6b5fb744959f390735d5be8126631
0xe9c3029d38d371cd0c5901d650c9ba643b8588568c20c805d263f419203696d6,T. Dibling,2,41,0xd1006d96bbb6b5fb744959f390735d5be8126631
0xbed3b373ec23c67843d293846e41455b02d8044e75af80fcaba3c1096f700947,R. Akachukwu,2,41,0xd1006d96bbb6b5fb744959f390735d5be8126631
0xd15b643ebde24ecc14490702ec602ece18351251d4db6479c7bd8bc9a84f39f2,J. O'Brien-Whitmarsh,2,41,0xd1006d96bbb6b5fb744959f390735d5be8126631
0xa052a745409c3963d6fa78a3ffff3e53a05350daf33d57bead0f482dc5da42af,A. Armstrong,3,41,0xd1006d96bbb6b5fb744959f390735d5be8126631
0xc2d4bb520881ab07c37c1714dabda51eaafdb21b86ae56f2db4ce0f6297d12c0,R. Stewart,3,41,0xd1006d96bbb6b5fb744959f390735d5be8126631
0xed4828225ba317e7fb8a13ce4cf3dc5de06d93a4ca97fa6a402b06ff642bae38,B. Brereton,3,41,0xd1006d96bbb6b5fb744959f390735d5be8126631
0x36fc7a3e0d19a1c95fa7c5283c9dc51b04737f3c331b943736d6fa80c7a03515,C. Archer,3,41,0xd1006d96bbb6b5fb744959f390735d5be8126631
0xd70137c65ff7490c392d66d763d5a3ce55de9494b5ec2fbe92035f1041fd8af5,M. Cornet,3,41,0xd1006d96bbb6b5fb744959f390735d5be8126631
0x2c1639a1d6bcc6343797368476a5342f0b9c7bd13e9dcd99c262d9e9e17dd1f1,P. Onuachu,3,41,0xd1006d96bbb6b5fb744959f390735d5be8126631
0x8122e39ddecc0fb6c8c207536018ec54e63b417128067258f5ad77308b31d57c,Jay Robinson,3,41,0xd1006d96bbb6b5fb744959f390735d5be8126631
0x7cbc8e4736094f93f33341603d4006f792894f3e641edf931e3a7c33afd300a9,David Raya,0,42,0xd1006d96bbb6b5fb744959f390735d5be8126631
0x20e44345111dc13cd7f67237cd71371949a306e28350dbf457f4d0e9bcf2f83c,Neto,0,42,0xd1006d96bbb6b5fb744959f390735d5be8126631
0x3827b23a2489713eecb61784c9ae7c5b8d6cc8797070f1a8d3e3a4ecdac36b23,T. Setford,0,42,0xd1006d96bbb6b5fb744959f390735d5be8126631
0xd1cd97fe1350e5ed26f4a613621fea34d5ab1cd6b935f200736eb295e6ccf550,Alexei Rojas Fedorushchenko,0,42,0xd1006d96bbb6b5fb744959f390735d5be8126631
0x395f7f844a16d667a179a5e45b86f61ae42fbbca5ff7f5974da511564c301253,J. Porter,0,42,0xd1006d96bbb6b5fb744959f390735d5be8126631
0xe695c1062c80a5fe2f29179108d3c5f23001069ffd82ceb37ef0da2a1f8f4289,W. Saliba,1,42,0xd1006d96bbb6b5fb744959f390735d5be8126631
0xf18a5e73c941dab74c4fe512cc88d31f6c386d7bda87a19940b7b37a807f93e4,K. Tierney,1,42,0xd1006d96bbb6b5fb744959f390735d5be8126631
0xcf31cb13e9a6da07b6bb137fe34c9334a8edd1e3064e0c1576f6b169817f94f3,B. White,1,42,0xd1006d96bbb6b5fb744959f390735d5be8126631
0x118c557a8f4fec20f49fc663ca8a84283def0be743fb5c1c5a311ec1fc8b2229,Gabriel Magalhães,1,42,0xd1006d96bbb6b5fb744959f390735d5be8126631
0x024d01a6ef915d1279fd001422a425e31efff75509e62761ee01dba63c0375e2,J. Timber,1,42,0xd1006d96bbb6b5fb744959f390735d5be8126631
0xd891ab51d77b80787b3bde33acadae44a149c08f381c71390d993744a1ec0fc9,J. Kiwior,1,42,0xd1006d96bbb6b5fb744959f390735d5be8126631
0xcb5a33597957e340899c1700e1e384a6dfbb44bd0a5c0f6328280d6cef68172d,O. Zinchenko,1,42,0xd1006d96bbb6b5fb744959f390735d5be8126631
0x3ac0288a31d2c2fb273a9c60a1c9d9f9f464a098667c294ba3cc77e5350d3f94,T. Tomiyasu,1,42,0xd1006d96bbb6b5fb744959f390735d5be8126631
0xfe639dbccec8e195519fed419d9af733e384022835ad0f0390ec39a72bb2ff79,R. Calafiori,1,42,0xd1006d96bbb6b5fb744959f390735d5be8126631
0xb624dbbc484c7f744fc5ae54fb671b9f6ea8de1bdedc3a2422692648a9256286,M. Kacurri,1,42,0xd1006d96bbb6b5fb744959f390735d5be8126631
0x81833e8acf5f54fc7353d725c326d10c6ceec9e1f108b32da5944031577c3e42,Z. Monlouis,1,42,0xd1006d96bbb6b5fb744959f390735d5be8126631
0xf0ef3f6447e9f4289866bab19cb232c575eaff2745a0189d449579bab1c2437d,Joshua Nichols,1,42,0xd1006d96bbb6b5fb744959f390735d5be8126631
0x4d08f334889b07751da4d003a6d115c5d53dc0c9741e4d94bbc1e45901a04493,J. Robinson,1,42,0xd1006d96bbb6b5fb744959f390735d5be8126631
0xfd65b9870ea15f22e9e0ce584688674fdf5c290790943f63a53c055e5ab4aa33,A. Heaven,1,42,0xd1006d96bbb6b5fb744959f390735d5be8126631
0x3b4fd3ffdea34059f0608db1d843278a3998b12276a98ad22828b633e9077844,T. Partey,2,42,0xd1006d96bbb6b5fb744959f390735d5be8126631
0xb8d917201183343a37545f2cf0d78926642bf38060589b4af377a7bf3633a3cb,M. Ødegaard,2,42,0xd1006d96bbb6b5fb744959f390735d5be8126631
0x56e6dbf721936772b46feea9cc1771a4fa707d93bef731643a16767ea3d21be5,Jorginho,2,42,0xd1006d96bbb6b5fb744959f390735d5be8126631
0x003ab24897af497d460b32cdd575c8f297f77354f044a92efd15cd92407ba02f,Mikel Merino,2,42,0xd1006d96bbb6b5fb744959f390735d5be8126631
0xfa3cd7cba459ef9ca9a1a8882676650066438ea5115b30310abe367823e4a89a,D. Rice,2,42,0xd1006d96bbb6b5fb744959f390735d5be8126631
0xd15e57a51138b0bca34e36fe9973d44b48b1e74e166e45dd8bad407089d3b32e,M. Lewis-Skelly,2,42,0xd1006d96bbb6b5fb744959f390735d5be8126631
0x624ee272a819fbedd6844f6e3e60b0a42e7e5d372b35a6aef528bec901af18e8,E. Nwaneri,2,42,0xd1006d96bbb6b5fb744959f390735d5be8126631
0xc61c6e7b1e8fe7edbbed7fd3e2985df6496ae4d09a96cb5b0bdef0ee3c0774f5,S. Oulad M'Hand,2,42,0xd1006d96bbb6b5fb744959f390735d5be8126631
0xdab7bb51148f4f925b77bd4886c34329e67e5e4122976f6961aef09d1b73609e,B. Saka,3,42,0xd1006d96bbb6b5fb744959f390735d5be8126631
0xff2fb4ce4bb66b6d56d11a70bf5a8d4ce815ee727327b2d3aa7e146feb71376b,Gabriel Jesus,3,42,0xd1006d96bbb6b5fb744959f390735d5be8126631
0x0a44af358095eb83dd7b3832e0d07da4f2d88d7a2f3d1f42be6c7c5c5817f73d,Gabriel Martinelli,3,42,0xd1006d96bbb6b5fb744959f390735d5be8126631
0x0a798d4618f8aa00b7533794441c7cd74f56431095767f380ac7ee8972aa22c4,L. Trossard,3,42,0xd1006d96bbb6b5fb744959f390735d5be8126631
0x26cddc2520bf68db1db5291e0e5b669704508cafe2736c46e5dd49e9be43bb19,K. Havertz,3,42,0xd1006d96bbb6b5fb744959f390735d5be8126631
0xfc146fb2d014e3acd92b0e1d7f9ab145eb680085e7ec4baf485258afa8fb87cc,R. Sterling,3,42,0xd1006d96bbb6b5fb744959f390735d5be8126631
0xe60c6aa5f345ecf0f35ca7321bb711449ae9bf5449abcfd46283556e5c262f71,N. Butler-Oyedeji,3,42,0xd1006d96bbb6b5fb744959f390735d5be8126631
0x1e6dbe7db04b976e954665893e4fd19fa9fbe06beeb0d95d4d34360e5426fd8e,Ismeal Kabia,3,42,0xd1006d96bbb6b5fb744959f390735d5be8126631
0x062e59857ddfb8630e22c04c8a3762703b02446b10ad21a309f1354bc3a74192,J. Pickford,0,45,0xd1006d96bbb6b5fb744959f390735d5be8126631
0x5e0fbdbfe2a1d5dc5045977e90763dca23ccc7dfc9cd6f7a4ab9961f5fcbd531,João Virgínia,0,45,0xd1006d96bbb6b5fb744959f390735d5be8126631
0x6b84d74a0e3663c37cfaf5de90a9a97270705dea6c0845ac4591aee5a0189954,A. Begović,0,45,0xd1006d96bbb6b5fb744959f390735d5be8126631
0x9f734b57f5a6a228532896239dcd33e3c93632f858b91aa9d9dd0a25c6dfbb5d,N. Patterson,1,45,0xd1006d96bbb6b5fb744959f390735d5be8126631
0x03c4a83c7b5b3d7f6ef8d8c2bbbec82837e0241a36da405ea5fc19d32497bf82,M. Keane,1,45,0xd1006d96bbb6b5fb744959f390735d5be8126631
0x78c3e3e883fb8c5b98f4f0d353d62f493c1e68bbfd0837aa04377e9c361ba1d5,J. Tarkowski,1,45,0xd1006d96bbb6b5fb744959f390735d5be8126631
0xbd1eee6d32100b89ab3b579014c67ec0a23c74aa9f5130c50fd29169d6be9725,J. O'Brien,1,45,0xd1006d96bbb6b5fb744959f390735d5be8126631
0x0acb1420b3b502cd528ab4561487def39ee678f334789f68a2a3a5305725a455,A. Young,1,45,0xd1006d96bbb6b5fb744959f390735d5be8126631
0xbff6be04f5257f28e9041c45afc2c4254b7ee66ad161338d7a7df67c67244a21,V. Mykolenko,1,45,0xd1006d96bbb6b5fb744959f390735d5be8126631
0xc4ad03fc6e00e31c7122f7a4c102bf345fb0aee8ed01b73145ca2180d1148234,S. Coleman,1,45,0xd1006d96bbb6b5fb744959f390735d5be8126631
0x70dd4d1b03ea844d44469548414ab717d77bf2a4910a24f2ab5558b556d1099a,J. Branthwaite,1,45,0xd1006d96bbb6b5fb744959f390735d5be8126631
0x9261127b872ce6e474099bb7e51e414e3c3d0fea6f4e2c85db9a4d0cdc65d226,Bradley Moonan,1,45,0xd1006d96bbb6b5fb744959f390735d5be8126631
0x06b464d4fd33f47e47dd9ec5ddd2c42ec814ae755b035a705e8770adfd59f9e9,Roman Dixon,1,45,0xd1006d96bbb6b5fb744959f390735d5be8126631
0x2f6ad4188b6500e20d93c14feaf63122ceba2bf09c4fd933129dbb0fcb9db624,O. Mangala,2,45,0xd1006d96bbb6b5fb744959f390735d5be8126631
0x71704355aad4ec3892b3790b1b0274bfbba0eb1f298c341f4734ce431c6f7c1d,A. Doucouré,2,45,0xd1006d96bbb6b5fb744959f390735d5be8126631
0xc3d98db59de43ce320048215bfaff324c34ae824efaec354d0852a99a6a018b0,I. Gueye,2,45,0xd1006d96bbb6b5fb744959f390735d5be8126631
0x303786023bfac638015b488d2bbf453ed41a21266297dc6ac60a33c2007567aa,J. Lindstrøm,2,45,0xd1006d96bbb6b5fb744959f390735d5be8126631
0xe96a66acbee390b670ea094a3ce0d8138927bfcc6fb4bd676c213103efa2e617,J. Garner,2,45,0xd1006d96bbb6b5fb744959f390735d5be8126631
0x3d8c9ad2c1006ebd1654c69c7fb926419f7760bf32c3784fa2f1c9dd70d65ea6,T. Iroegbunam,2,45,0xd1006d96bbb6b5fb744959f390735d5be8126631
0x219c8dd28a750ca4e7d50ccbd6c2e94221363495e5feda1319043b2043234c94,H. Armstrong,2,45,0xd1006d96bbb6b5fb744959f390735d5be8126631
0x260da42c24cd2603ee8cbcffa28abe6c15650ebb91e41d85e4d5bb3e1671cae7,Luke Joseph Butterfield,2,45,0xd1006d96bbb6b5fb744959f390735d5be8126631
0xdbd7ec8d65a2bec2b049d4fe8039a623d9f81db7d723be23225c32b4a1ae7b5c,Owen Barker,2,45,0xd1006d96bbb6b5fb744959f390735d5be8126631
0xf5a93ae14952e4e131a6fa893707b29da9b74f3f836c18fdf4e38fdb534224ce,Callum Bates,2,45,0xd1006d96bbb6b5fb744959f390735d5be8126631
0x6145e249f2d47f785486a3e23e08f6fbd476b0e08c5bac8458df1add0e982dd0,D. McNeil,3,45,0xd1006d96bbb6b5fb744959f390735d5be8126631
0xd349534a5aeaa99301218de4a4579f260b0101558b177d946275b467cfcde732,D. Calvert-Lewin,3,45,0xd1006d96bbb6b5fb744959f390735d5be8126631
0xf482465200c1ec5669652ce7fa3fa4a4eb255254cf24ff9f5962ca5fef6b4b27,I. Ndiaye,3,45,0xd1006d96bbb6b5fb744959f390735d5be8126631
0x5a05af3de832af1bec5935a4048200ee11ce0b761f2ba432937e732f63a34de7,J. Harrison,3,45,0xd1006d96bbb6b5fb744959f390735d5be8126631
0x112983b683ecb5055e3d3fc4f6f4c02db255d32bc61a80cbfaa06e069264c09c,Beto,3,45,0xd1006d96bbb6b5fb744959f390735d5be8126631
0x1b14c2acfe18a2677b2d833d88c4328cde49fed5cf423fdeaa7ff045756a3cff,Youssef Chermiti,3,45,0xd1006d96bbb6b5fb744959f390735d5be8126631
0xf80b926e43f6506e8e6322944191464f3392fea7158586c9460c189dbfc87a6a,A. Broja,3,45,0xd1006d96bbb6b5fb744959f390735d5be8126631
0x2aa020150b72dbbe27dcbd8cd2ffb9b3a112f2a64215fe888766b636e71bc40d,Martin Sherif,3,45,0xd1006d96bbb6b5fb744959f390735d5be8126631
0xd170e9a808c58fd081d126ca614fdcbba950cfdbf8cb7b1d084fc73d45e853de,D. Ward,0,46,0xd1006d96bbb6b5fb744959f390735d5be8126631
0xaa84664d2f16ea1ccff8ba804d3514a134f26e477b12e4dc6dda80386fbb69f5,M. Hermansen,0,46,0xd1006d96bbb6b5fb744959f390735d5be8126631
0xa22f6b1cbf93269029032bd4bfd28e9ef14e690ced4acb87f993ee4393d14a56,D. Iversen,0,46,0xd1006d96bbb6b5fb744959f390735d5be8126631
0xa91b885a0357465e1aaef8b6c0398f2960a46334d9b39257d60ba3ba6bb57181,J. Stolarczyk,0,46,0xd1006d96bbb6b5fb744959f390735d5be8126631
0xf1e5529b080a5b772e85ca288221851f50734c52f76e1463aad6c1cc16610aa1,J. Justin,1,46,0xd1006d96bbb6b5fb744959f390735d5be8126631
0x16635837758eaf2d61e7e734cd628d736e793fa03d7b27ac7f575ba53134f206,W. Faes,1,46,0xd1006d96bbb6b5fb744959f390735d5be8126631
0x087ee92e7f6bc52baaf0d3e55e9612daac3fafd3d06cc44e037c2ab7d3449c40,C. Coady,1,46,0xd1006d96bbb6b5fb744959f390735d5be8126631
0x47ccd63c971fe8eb50394facb28c4fd4763978946c89a4e8224928f1c1f0a0db,C. Okoli,1,46,0xd1006d96bbb6b5fb744959f390735d5be8126631
0xd0106af38d78cf15bb11c229d0f04c05a68d47ed7fc965343c8a71dae754b1fd,V. Kristiansen,1,46,0xd1006d96bbb6b5fb744959f390735d5be8126631
0x2f02ecea1cbeb170bab326dc75a2849a2e55eaabb45ff8a1cff9cee50acaeff6,Ricardo Pereira,1,46,0xd1006d96bbb6b5fb744959f390735d5be8126631
0xeae412c4dfa93c14e1cbb75fb30383dd64f4709e4423a1f5ff6dd3238a66dc9c,J. Vestergaard,1,46,0xd1006d96bbb6b5fb744959f390735d5be8126631
0xcde336d8cce64631269685ae9ae21f231c05d7b7db4ed1cc9f821b55f2124df3,L. Thomas,1,46,0xd1006d96bbb6b5fb744959f390735d5be8126631
0xa914e01455341e0967621bbcbcacb4e9aeac07fde1aac62aaa0edf42efef7e60,W. Ndidi,2,46,0xd1006d96bbb6b5fb744959f390735d5be8126631
0x96e14f671fbabab62f8b0606b17f1bbc407a7c607dd20eb95ee1e54fc37c8239,H. Winks,2,46,0xd1006d96bbb6b5fb744959f390735d5be8126631
0xd340ccab916a2a2e6e80a6c1868d110e331aeb5b0bfdabe86d9da75ce52d269e,B. El Khannouss,2,46,0xd1006d96bbb6b5fb744959f390735d5be8126631
0x5a77792dffe25c546cf2c365a2b7ed200dbac0b496b958b1f8a10853141e65cb,H. Choudhury,2,46,0xd1006d96bbb6b5fb744959f390735d5be8126631
0x621d9c749d9ee9efcd4000a5e6dec540b96d881cb3bd2135e655cce107c19401,O. Skipp,2,46,0xd1006d96bbb6b5fb744959f390735d5be8126631
0x1b20298db19359beea7f612282704d2daab1e5991764e0790e4d34717f4e9482,B. Soumaré,2,46,0xd1006d96bbb6b5fb744959f390735d5be8126631
0x64405976c910c954a6a52e585de4fc64b10ed026d85dbf53307bfa877a63d0d7,M. Golding,2,46,0xd1006d96bbb6b5fb744959f390735d5be8126631
0xea30801097c4f6a3e884bcc96d0e76b8a3b34296e5bb02c991a8c73a52fb167a,K. McAteer,2,46,0xd1006d96bbb6b5fb744959f390735d5be8126631
0xb6f1cdbc3ed6e9d8ce31a2518c6266e9d569b193fd01878c1e29fd5d17d67ce8,W. Alves,2,46,0xd1006d96bbb6b5fb744959f390735d5be8126631
0xfd2129855abb0153019dec12790ab7cdfdfe843d5334c15a817ec472eebd711c,F. Buonanotte,2,46,0xd1006d96bbb6b5fb744959f390735d5be8126631
0x370892c93b96915160c91037da26aff2f90710e116eb56bc59ab08cd58f5cf8a,Henry Cartwright,2,46,0xd1006d96bbb6b5fb744959f390735d5be8126631
0x6972a870728b21c3c744946b113d973fa56ceb8d5d25d322f169b81d516a4649,A. Fatawu,3,46,0xd1006d96bbb6b5fb744959f390735d5be8126631
0x9b9b864629abae7390e9db19c0e0780b4108cc315cf744e3c6db4f1fd6bae73f,J. Vardy,3,46,0xd1006d96bbb6b5fb744959f390735d5be8126631
0x3fbd8d7fb10082f334e857f5de4af48bf65ad3e3c1925c40241700ce12455dfc,S. Mavididi,3,46,0xd1006d96bbb6b5fb744959f390735d5be8126631
0x1372b7fdaeda9f3a992e1fb53e3af927bddc3d2586cffb6faf2ebad94a868934,B. De Cordova-Reid,3,46,0xd1006d96bbb6b5fb744959f390735d5be8126631
0xf81e06c435dc8d7d87e76870396fb81fe89f4b31223ee93f8d632b55d2cd47f7,J. Ayew,3,46,0xd1006d96bbb6b5fb744959f390735d5be8126631
0x4c973d750d3a86255caf9edc30668a12a5a3f344550418f99dc73e77506e390a,P. Daka,3,46,0xd1006d96bbb6b5fb744959f390735d5be8126631
0x4bb0f1dfaf9d4b8c8743ce754cd7b3935dbce508e39d4f8b135bf6aea1d38210,O. Édouard,3,46,0xd1006d96bbb6b5fb744959f390735d5be8126631
0xc6ccc9274d99175bb4443a39bc7f6a91597a22d743610d48e22d34e305f2bcef,G. Vicario,0,47,0xd1006d96bbb6b5fb744959f390735d5be8126631
0xb43e3d8808ce9fe47e0bbae856c4a15568b2c6e3fc2eaac1e76b4cc04c0fd6cb,F. Forster,0,47,0xd1006d96bbb6b5fb744959f390735d5be8126631
0x6bad58f22aefb7274176b6c3e712cb8052ce14412833570e562870781b66b5aa,B. Austin,0,47,0xd1006d96bbb6b5fb744959f390735d5be8126631
0x8358948f0ec3cddd2fac22caf563ebe835b8007b12b3acf25b9794dc1e16fe75,A. Whiteman,0,47,0xd1006d96bbb6b5fb744959f390735d5be8126631
0x650a38a530b3e429fe06de6c001dc8b89233da50f5cff9c6e1cf9cb7df88fdb9,Reguilón,1,47,0xd1006d96bbb6b5fb744959f390735d5be8126631
0xd6f244111dbcd9f2419beef7f8a94497ff579d5b2a935b9e996a6838f8318ec5,R. Drăgușin,1,47,0xd1006d96bbb6b5fb744959f390735d5be8126631
0x2ec3574775144bd44ecb516b7e492e58e8ae783cdf1af80c0675549ada33c614,D. Udogie,1,47,0xd1006d96bbb6b5fb744959f390735d5be8126631
0xf31817085bf43eb5d2bb49f950c12d3818761abfb7f482e8f0ecb3dc7a14cff3,C. Romero,1,47,0xd1006d96bbb6b5fb744959f390735d5be8126631
0x3b00af74ac352599085d87f8aee04d2856c8ed7b6acb0cce11a2c2576d1a5cc3,Pedro Porro,1,47,0xd1006d96bbb6b5fb744959f390735d5be8126631
0xc7c1c09aa2f0caefa86486a9029b3114ae04e234864bab5a8c4fceb672be7213,D. Spence,1,47,0xd1006d96bbb6b5fb744959f390735d5be8126631
0x295b23a3d45400a188e993540a427072b89a8b0d800b8a88ee33a3d18564c66e,B. Davies,1,47,0xd1006d96bbb6b5fb744959f390735d5be8126631
0x3aace16271a862b5e9a2fefed22a702b203d3532aa5fb9e215e10360bac85b6d,M. van de Ven,1,47,0xd1006d96bbb6b5fb744959f390735d5be8126631
0x95e6ed57e1462c4598082d52af92a99ee5918b38457c304f8796e9cd20983d59,A. Dorrington,1,47,0xd1006d96bbb6b5fb744959f390735d5be8126631
0x026911fc66e4c77e7f906023329bfad6644174e32560e4bc5444e8f1d7304f82,Dante Jamel Cassanova,1,47,0xd1006d96bbb6b5fb744959f390735d5be8126631
0xff34529e3dcfc9249f303e2ddc046c774c481ed006710086e8ad7ea9fbdb78ec,Maeson King,1,47,0xd1006d96bbb6b5fb744959f390735d5be8126631
0x52c7480be62e921354eb13a7af2d23922a2a37be7ccc5e43566a9841d881220a,M. Hardy,1,47,0xd1006d96bbb6b5fb744959f390735d5be8126631
0xe4e9b665c8fb4c3c93362adbef483e1107ec777a06c5bbe03dcd4a7b09b31fcd,Y. Bissouma,2,47,0xd1006d96bbb6b5fb744959f390735d5be8126631
0x23486e8ef7729c2abb0d1e1a97f5d349e5cd41d702a4facf6666ceffbddd9250,J. Maddison,2,47,0xd1006d96bbb6b5fb744959f390735d5be8126631
0x22dd59e172c2433331f58d57c4a8500a6c51283a05eebd6b869ac0eb7bf68baf,A. Gray,2,47,0xd1006d96bbb6b5fb744959f390735d5be8126631
0x2ab561f41b75c9e74f282f0e514c504a997c2dac55842beae566c151f9b5ef5f,L. Bergvall,2,47,0xd1006d96bbb6b5fb744959f390735d5be8126631
0x2b3ccfe7961c00dab61edd72c7f1c3d487bffa507d0290b04516a52c661374b1,D. Kulusevski,2,47,0xd1006d96bbb6b5fb744959f390735d5be8126631
0x71f949b790f9379b60a4c973e3acfa78c7ca5b1c0675f19619963a2ead890f09,P. Sarr,2,47,0xd1006d96bbb6b5fb744959f390735d5be8126631
0xfb8475e2ded32d4292f4a89fbd1cc4596bb77e53e919ca3d078640919f36cee3,R. Bentancur,2,47,0xd1006d96bbb6b5fb744959f390735d5be8126631
0x564ad6db53ddcef156af360a51a43b86768156272cf0e219ebdd882782b505fb,C. Olusesi,2,47,0xd1006d96bbb6b5fb744959f390735d5be8126631
0x070b5f001e4eab41aa81f9d9d4fe22897fe73ebd6e889a172ca4dc853a678a05,Son Heung-Min,3,47,0xd1006d96bbb6b5fb744959f390735d5be8126631
0x3e966dc34e657440de92034a2ddbdb28b1a59f9ee89acbfb7fd25305a179cb43,Richarlison,3,47,0xd1006d96bbb6b5fb744959f390735d5be8126631
0xe1062d4f96513eb48f993e293c40855a8bbd1888051e9cd7696f048f7e32aa92,T. Werner,3,47,0xd1006d96bbb6b5fb744959f390735d5be8126631
0xe650091605d35c8ab89f609a9bba0ab4e041f70adf79e54cb84764dfd616752b,D. Solanke,3,47,0xd1006d96bbb6b5fb744959f390735d5be8126631
0x3a43f1e13b6e21309cc99601f79b6f8671198fe7f92179e60a1051b59ae95443,B. Johnson,3,47,0xd1006d96bbb6b5fb744959f390735d5be8126631
0xca2d0cc80ca3f9b7b43050da128fbcda535243c406f16c2a461770fd84bf0aad,W. Odobert,3,47,0xd1006d96bbb6b5fb744959f390735d5be8126631
0x82197d84c50bf380abf4df069c42c062db3455c31e94be88817820eb21f6b197,W. Lankshear,3,47,0xd1006d96bbb6b5fb744959f390735d5be8126631
0x7f4c520f92f30f26bc149ff98aecaba86a63925c33575b211354e2f9bcf124ae,M. Moore,3,47,0xd1006d96bbb6b5fb744959f390735d5be8126631
0xa2f642ef65d9ed008ff74a52f9f08e3e5054a3273cda548a891d5fab1c47e314,D. Ajayi,3,47,0xd1006d96bbb6b5fb744959f390735d5be8126631
0x3d33787c9d26a89a99c13223a777968427b1dd82bb00c525a9c2e2358cb94585,L. Williams-Barnett,3,47,0xd1006d96bbb6b5fb744959f390735d5be8126631
0x3fd5f61ee34f3febf0dbca221321ae0e453973a22cdecd482389e00e1b093250,Ł. Fabiański,0,48,0xd1006d96bbb6b5fb744959f390735d5be8126631
0xb5ccc5a0ff994a76fe84c1790993253a764ba2abf215114d3c5ab99328868250,W. Foderingham,0,48,0xd1006d96bbb6b5fb744959f390735d5be8126631
0x06905b51fa9e3678d313fa7001447f96834fb44bb5759a77a76598188db0ff4c,A. Areola,0,48,0xd1006d96bbb6b5fb744959f390735d5be8126631
0x1d464667f6f01568d13ecfce205acff045339913a2e06556f4612f01a8406330,A. Cresswell,1,48,0xd1006d96bbb6b5fb744959f390735d5be8126631
0x9d27b92256d311a84963f1b776744922ee377a4b28f4d35646e147ee73787753,V. Coufal,1,48,0xd1006d96bbb6b5fb744959f390735d5be8126631
0x50e93201be011eb7a0a0e97fff15ad93f2b66310d2ad383e911bd0449130a7a0,K. Mavropanos,1,48,0xd1006d96bbb6b5fb744959f390735d5be8126631
0xa5e37f826c097c2100fc98afe2bb1f9544b061e0dcf9516504f168162e522129,J. Todibo,1,48,0xd1006d96bbb6b5fb744959f390735d5be8126631
0xc4403f1c4ba80540be0044b9252307646c654833f3f0728b088bdf1f5e16b31e,M. Kilman,1,48,0xd1006d96bbb6b5fb744959f390735d5be8126631
0xc7a00c0b7a4a7105ddfe0df9d24a570498853c8dd1563df6ff533f68403fe930,A. Wan-Bissaka,1,48,0xd1006d96bbb6b5fb744959f390735d5be8126631
0x13b89adc7f5b09f8aa72262da039c709814f54ee947aab3f2dbde234bf303719,Emerson,1,48,0xd1006d96bbb6b5fb744959f390735d5be8126631
0xe341e59f01b766f87a9ec5cb7c3e4cae90fd70deb0203bb6990a4e30a1db6f55,K. Casey,1,48,0xd1006d96bbb6b5fb744959f390735d5be8126631
0xdf88b06e64070dbad2269434d5ebc4e5f9a3564415004379dc88782d7841b410,O. Scarles,1,48,0xd1006d96bbb6b5fb744959f390735d5be8126631
0x0ffe4e56c472603465b90ea632d582a07d5f8fe76427505a469ced34bf06e553,Ezra Mayers,1,48,0xd1006d96bbb6b5fb744959f390735d5be8126631
0x8e8f5d84a7a46f18ba2d9acbd06f158db3f9a914a5b79c1e59b69d6deb290ac5,Carlos Soler,2,48,0xd1006d96bbb6b5fb744959f390735d5be8126631
0xcf2f0790752253545783fe0fd6c00a9274daa6ee9d085e40c275a02c370b4b34,Lucas Paquetá,2,48,0xd1006d96bbb6b5fb744959f390735d5be8126631
0xa24d83647a64d4830788d6a982c8881b004f5fc8503a7dd6f772440747500626,M. Kudus,2,48,0xd1006d96bbb6b5fb744959f390735d5be8126631
0x0ba6fd3703d67e78792042c02b4c9578ec9b49bb1c631228634abcc2dc2aaca7,E. Álvarez,2,48,0xd1006d96bbb6b5fb744959f390735d5be8126631
0x1f75ebb61401c53d590da80a91095aad54a678f09ecd541d4a24580f51e23b03,G. Rodríguez,2,48,0xd1006d96bbb6b5fb744959f390735d5be8126631
0xfbb24e6a8164f8dfd2a478f38ae161ccbfeb5ba8339d9450602233f3bdc35dce,T. Souček,2,48,0xd1006d96bbb6b5fb744959f390735d5be8126631
0x268c277a8bdcccaa93a04a9c8b17125bacd8a4a0a328859f5b240eb1f140637e,A. Irving,2,48,0xd1006d96bbb6b5fb744959f390735d5be8126631
0xd8e78d7e3d728ab18f412e7ee7ceb939cd13d346a7295295b8707d1fa7869138,L. Orford,2,48,0xd1006d96bbb6b5fb744959f390735d5be8126631
0x9ca08336918fadcce5d7f9bd9d71031966289149bb714052be5b0816fdd93a70,C. Summerville,3,48,0xd1006d96bbb6b5fb744959f390735d5be8126631
0x7941bd4c11dc497a1cc17273de3b0c3c3ac26ec5b8bcf139fcc9246dd1d4a987,M. Antonio,3,48,0xd1006d96bbb6b5fb744959f390735d5be8126631
0xa9a4d3a66d77ae9ab3eb53fefd210a8c29e07047e39610bc5c07afcceb921ff8,N. Füllkrug,3,48,0xd1006d96bbb6b5fb744959f390735d5be8126631
0x3427cad563db084868562d4a67673d7d46ff535d360e7b5f35219110ae1c7082,Luis Guilherme,3,48,0xd1006d96bbb6b5fb744959f390735d5be8126631
0x5e4641bac8a79d29c20422f4dfb57e31f10d5d068e0f4180cedadcb7efce10a7,D. Ings,3,48,0xd1006d96bbb6b5fb744959f390735d5be8126631
0xfff0b58bf64b01bb228eb8ff8ea28bb5663a6b6176db01b982bdd52fb6e8a6f9,J. Bowen,3,48,0xd1006d96bbb6b5fb744959f390735d5be8126631
0xe773df8837082d31b461d9908c37f73043d7f9bff51d13b59db85ff3976f0a5d,Robert Sánchez,0,49,0xd1006d96bbb6b5fb744959f390735d5be8126631
0xd1b1578d64e09a1c29fe81f1d22e3767713a52f9928bec2a4c486dd327f54671,F. Jörgensen,0,49,0xd1006d96bbb6b5fb744959f390735d5be8126631
0xace5a2035dc7f92ccca666d31b4480f4243d4575bd81ff23f20968ae3e0aa7dc,M. Bettinelli,0,49,0xd1006d96bbb6b5fb744959f390735d5be8126631
0xff4b9839c587086ff5d1e86e928dc38d70790d67703690a0f5be48623119e60d,L. Bergström,0,49,0xd1006d96bbb6b5fb744959f390735d5be8126631
0xcc62f361830209b0467136c0d85f6bb6dfb35f230bbcc009699bded0d0e2c1c4,Max Merrick,0,49,0xd1006d96bbb6b5fb744959f390735d5be8126631
0xfe0ebc0b4c623dd3af42d74b308384d1c34b829712b57feb7a3b918258da4bfe,A. Disasi,1,49,0xd1006d96bbb6b5fb744959f390735d5be8126631
0xb3ed992b848c0c3f7af22588ba920732b70338a629acf49151e65eda98405aee,Marc Cucurella,1,49,0xd1006d96bbb6b5fb744959f390735d5be8126631
0xb292dc2840253a4f31564ab9fec73fc2ba5d7b27570713bba9a9b6a3f6cc9578,T. Adarabioyo,1,49,0xd1006d96bbb6b5fb744959f390735d5be8126631
0x4063e3ea4c04b424d03f49cb185d06c38c135ee4efbfeed7258ac90712206984,B. Badiashile,1,49,0xd1006d96bbb6b5fb744959f390735d5be8126631
0x2baf44b7a19ed8c2f826cce1c3e946ffb79b415a46f32359d20ec4f7af49d9d5,L. Colwill,1,49,0xd1006d96bbb6b5fb744959f390735d5be8126631
0x2bc30349415b9fdc1eed8ffb8277a39e50e93ef3da27de241c0bc11e4a1b51b3,B. Chilwell,1,49,0xd1006d96bbb6b5fb744959f390735d5be8126631
0xf36c3022ff1a08f9a0242cb9ac6a23ac8fad43bd5328f3384554581f006b3367,R. James,1,49,0xd1006d96bbb6b5fb744959f390735d5be8126631
0x8764c2722d45a13238da37ab872ab8e73684b0a4a2fe3a1071bd20e60d9e13a6,M. Gusto,1,49,0xd1006d96bbb6b5fb744959f390735d5be8126631
0x931cf54fe498ea6f9d0cf5e1da38368cbfa93fc0efad2c7e1690a1cc87b32344,W. Fofana,1,49,0xd1006d96bbb6b5fb744959f390735d5be8126631
0x7ff8a862256428cc13ea9835294c663372d91688542db3fad67c673e90c4842b,Joshua Kofi Acheampong,1,49,0xd1006d96bbb6b5fb744959f390735d5be8126631
0xb41bb91ea13757e81501d699deeb21efb788bcf3324b1249f686473a988e1690,Harrison Murray-Campbell,1,49,0xd1006d96bbb6b5fb744959f390735d5be8126631
0x00a2eaf1e2fd568ccf838febbef4b67fcc81714f6ebeb01a107d873c57f8c306,Richard Olise,1,49,0xd1006d96bbb6b5fb744959f390735d5be8126631
0xeda212da8bbfa19d5f4b62f730d1531ed39aa6f08d8e724f21a2dd3d14eb9604,Kaiden Wilson,1,49,0xd1006d96bbb6b5fb744959f390735d5be8126631
0xbef705421e066e50f9fc9d572a897184adc7baad9f7c2824fd94627a1c7f42c3,E. Fernández,2,49,0xd1006d96bbb6b5fb744959f390735d5be8126631
0x80a5763f7ca5d7dd15ce924238761ba0c6b37c9dc69ec79871e63ec446c4d7ad,M. Mudryk,2,49,0xd1006d96bbb6b5fb744959f390735d5be8126631
0x791433f3000a5c05acd0e6cb26d950205d6d5cac49f99edb016eac9500fd5ecd,C. Chukwuemeka,2,49,0xd1006d96bbb6b5fb744959f390735d5be8126631
0x8c2f78c0330db4b7d8702c624d99a1b5da2cf73f32b92ff7cecd76aff1983a35,C. Palmer,2,49,0xd1006d96bbb6b5fb744959f390735d5be8126631
0x283505d33d595fb257b0ad3d4274680436a38072cab67172cc7c2581bfd564d7,K. Dewsbury-Hall,2,49,0xd1006d96bbb6b5fb744959f390735d5be8126631
0xcb45199a98b1810fbd823fcb57761dda266d10ee45fa7988b42eabdd93cfba74,M. Caicedo,2,49,0xd1006d96bbb6b5fb744959f390735d5be8126631
0x206fee846afb939002893c50dfc4b9e38e18fbff70534ee083a392c93f07c134,C. Casadei,2,49,0xd1006d96bbb6b5fb744959f390735d5be8126631
0x197f139edeeb42c652a0648a328d86b01c44865f32ac9883650850874aeb9ca6,K. Dyer,2,49,0xd1006d96bbb6b5fb744959f390735d5be8126631
0x454717198fbc66932ea50e814079767d990921a49998ae9b97eefee0602813a7,Renato Veiga,2,49,0xd1006d96bbb6b5fb744959f390735d5be8126631
0x9c4dfc2f79d3f8badee23e542d9563deed81a9321bc2d81e610a4e93c066fb5d,R. Lavia,2,49,0xd1006d96bbb6b5fb744959f390735d5be8126631
0x79a872c63fe1f1feb357fb3238e37378e679d673f21aa0a540846969164f8aa9,Sam Rak-Sakyi,2,49,0xd1006d96bbb6b5fb744959f390735d5be8126631
0x75bf2616fe3591c26f8d2ea371cc36abaf4877f69f4515c5ffd9909cd5742f84,H. Vale,2,49,0xd1006d96bbb6b5fb744959f390735d5be8126631
0xcb127bae81ad70870b89bc82484b9a38c12d48c479cf95fabf4447bce2b90a21,Pedro Neto,3,49,0xd1006d96bbb6b5fb744959f390735d5be8126631
0x2c82104cc28bc42956e2abf7012bd9a77c27b8c70ccb1e4117c69d4dbaafcedd,N. Madueke,3,49,0xd1006d96bbb6b5fb744959f390735d5be8126631
0x224da858d3319a0e5d69850ccae8ffe384f33f69066f075d2c6c3ff118eb8b89,João Félix,3,49,0xd1006d96bbb6b5fb744959f390735d5be8126631
0xabeb9d2ff6ef3b046c1e346e7e3976bd55da4c1f7c003b0f84f8aec962220689,N. Jackson,3,49,0xd1006d96bbb6b5fb744959f390735d5be8126631
0xed73784d66b95022593d5d72242c836031c7ad6940f53a44220c57e2f19f9e32,C. Nkunku,3,49,0xd1006d96bbb6b5fb744959f390735d5be8126631
0x2ac59dfb7ed006a93d2e5784369d9f390fca0361d1d20502c866e4d13ea204e4,J. Sancho,3,49,0xd1006d96bbb6b5fb744959f390735d5be8126631
0x980a33efc142e7d02d537fc05e7b30937bba49a0869780cd6de6b1498c927ac8,Tyrique George,3,49,0xd1006d96bbb6b5fb744959f390735d5be8126631
0xf24c7752bee3b2819cc6af6c70bf6a5aae5d83ed4e2bec18950060f909685f6f,Deivid Washington,3,49,0xd1006d96bbb6b5fb744959f390735d5be8126631
0x7e573a08f33cef804cb4e1fe84e228f82ade1b9548b34c459d15626a14912af9,O. Kellyman,3,49,0xd1006d96bbb6b5fb744959f390735d5be8126631
0x3ace7892c655d94da698f63c679246c78b9686befbc426c78c4cc1c73cacf278,Marc Guiu,3,49,0xd1006d96bbb6b5fb744959f390735d5be8126631
0xd952640edc7e4f2767f87777688b488363e4b36faf8a944652efd9eb35f2a6cb,Shumaira Mheuka,3,49,0xd1006d96bbb6b5fb744959f390735d5be8126631
0xd286864a78094f4685825f9e532f06a8df5e00ee218ab7ee38e3c4837d0fb6e2,Ato Ampah,3,49,0xd1006d96bbb6b5fb744959f390735d5be8126631
0x8a2c516a77eea80d7df569a98325e505e16ec83a90794156766c0fc4d585765d,S. Ortega,0,50,0xd1006d96bbb6b5fb744959f390735d5be8126631
0x8317ef7b5520f13df6a3d9a8df0cdad2abb44572eaf88cf7e7510794ea7e6d89,Ederson,0,50,0xd1006d96bbb6b5fb744959f390735d5be8126631
0x936feb248ab45369f0cd1fa540cc327c3c4a18f06b13cbbf9c424ac1c524ba46,S. Carson,0,50,0xd1006d96bbb6b5fb744959f390735d5be8126631
0x7250341a937ebd9efa480d1dc9955f49b495b18e3bfa32b4d7192a7bd431c04f,M. Hudson,0,50,0xd1006d96bbb6b5fb744959f390735d5be8126631
0xcc0abc3299c254c67569deb5b5d927a243ed50e4d90640e252255c0839397c57,K. Walker,1,50,0xd1006d96bbb6b5fb744959f390735d5be8126631
0x23cf333f3b133f18fd873d53965895af8e621d20071d43481196da721b05cfcb,Rúben Dias,1,50,0xd1006d96bbb6b5fb744959f390735d5be8126631
0xd6412d1fe26755c315f17adac5c61c957d55de8ff2778776d0de94fdc9689109,J. Stones,1,50,0xd1006d96bbb6b5fb744959f390735d5be8126631
0x4b5bb7033b42f24944978fc11d919d2e87f1164bc6460cd75858896378837cbe,N. Aké,1,50,0xd1006d96bbb6b5fb744959f390735d5be8126631
0xd1dd615d3553c33102e77c2aebb4c3bdb8bbe4df5708dd0a109f8c42058be666,J. Gvardiol,1,50,0xd1006d96bbb6b5fb744959f390735d5be8126631
0x76645b83aee10db84f334e696926f0d0526ccdd4d97816aed501a26d10030c32,M. Akanji,1,50,0xd1006d96bbb6b5fb744959f390735d5be8126631
0x9f893995c7bb3d538837ce63e32e9ca414cc26f4b472dede73ebf880b7e94ce0,K. Braithwaite,1,50,0xd1006d96bbb6b5fb744959f390735d5be8126631
0x5e9647fc3f971cc9d3875b9d7d7c6bacb867c0ee36e3ca7bafb385933c75232f,Jahmai Simpson-Pusey,1,50,0xd1006d96bbb6b5fb744959f390735d5be8126631
0x1c6bb27d5aa481143f5b8f8aa4bb0faae5d4fc723f059c59edca3192cd04eeb6,R. Lewis,1,50,0xd1006d96bbb6b5fb744959f390735d5be8126631
0x0de4ee6bcab722b60874d4309c2029f27f3f46ad867b9d4c091fbf7807db52b4,J. Wilson-Esbrand,1,50,0xd1006d96bbb6b5fb744959f390735d5be8126631
0x6aa30fc0a35b4782dd1595e64d7a05e2174c3b2fbe3a76586e5dec457ad435ac,M. Kovačić,2,50,0xd1006d96bbb6b5fb744959f390735d5be8126631
0x7fd380cebe93dd4bb9e429e8aa28946ddc8b0b4b08ffda5f33f00f710cfd088e,J. Grealish,2,50,0xd1006d96bbb6b5fb744959f390735d5be8126631
0x4fd96bf3f80bb038042b57b739abfe86f4f8e5560d24f8593aa3967ba4d71c9c,Rodri,2,50,0xd1006d96bbb6b5fb744959f390735d5be8126631
0xd5a2cc2f1d1a1c7a61e7c4f3bf74ae5f29b276029b9889bc0e47f78c524498e6,K. De Bruyne,2,50,0xd1006d96bbb6b5fb744959f390735d5be8126631
0xa7dc32fb726e407fdecc93dda8f0640b47fddb82249eeebff8c2b4192d9ce8d1,İ. Gündoğan,2,50,0xd1006d96bbb6b5fb744959f390735d5be8126631
0x05b972c4d211c9a60dc52254ecbc3e50c0578152c98d49b648f6a18df5a1c6d6,Bernardo Silva,2,50,0xd1006d96bbb6b5fb744959f390735d5be8126631
0x11c4872016973b8b147008cdf7a065de7da2c8a8363173006a42d759ef3e0848,Matheus Nunes,2,50,0xd1006d96bbb6b5fb744959f390735d5be8126631
0x32bc19da8f05db913e56856180c8676682ace2738cbe116438775cdfbca09e74,P. Foden,2,50,0xd1006d96bbb6b5fb744959f390735d5be8126631
0x9379119757917c04dcdee911ee2b24455bdce1dea807b878317d1e65edc2e0ba,Oscar Bobb,2,50,0xd1006d96bbb6b5fb744959f390735d5be8126631
0xbbc28bd6e17b2837c61c609903bc9d2528c0fc418edd26c4f26a7a99af7c9594,Jacob Wright,2,50,0xd1006d96bbb6b5fb744959f390735d5be8126631
0x8bb767ce7861fe6b9ce9ef70d27ed976fec1030cca6b3f61c90e90b331240275,N. O'Reilly,2,50,0xd1006d96bbb6b5fb744959f390735d5be8126631
0x8664e0b0de6915846c8a2a0e856338bc96e0dd80c47c9f3632d56fff477b1e6b,J. McAtee,2,50,0xd1006d96bbb6b5fb744959f390735d5be8126631
0x84731d9696a5dcf6de522a034277807a801a19732bb248f946bc15a2a880aa99,E. Haaland,3,50,0xd1006d96bbb6b5fb744959f390735d5be8126631
0x00222a9d7f5e42f9f281a318a870219aca6183fc1675ce7858413efcc5e13dc5,J. Doku,3,50,0xd1006d96bbb6b5fb744959f390735d5be8126631
0x710219a0907b51a7d853261dc7d116ddc92ea77574707306b522bc9fa8bbeacb,Sávio,3,50,0xd1006d96bbb6b5fb744959f390735d5be8126631
0xb02a924b55713dbbe714c403bbba85d5707b9390fb444d2aec5490fb1483611b,D. Mubama,3,50,0xd1006d96bbb6b5fb744959f390735d5be8126631
0xe9d02e6b0cf02baf51af55da1c2be4efa85f3d0540a79c9978a1e2b8557042b2,Farid Alfa-Ruprecht,3,50,0xd1006d96bbb6b5fb744959f390735d5be8126631
0x12f8b756f38dd671a1dc1bc980e272ae2d9eee46ac355c5534255044e32f8810,B. Verbruggen,0,51,0xd1006d96bbb6b5fb744959f390735d5be8126631
0x37cf079c4c3ca1ac6378857e54ab1dbb2271a850e2d1421062955ff3b8df4796,J. Steele,0,51,0xd1006d96bbb6b5fb744959f390735d5be8126631
0x0fac86169fcd40e43653f6be52a4b9becd0c9f1e1fa634520bb14a8efb3be839,Killian Cahill,0,51,0xd1006d96bbb6b5fb744959f390735d5be8126631
0x1b8d93051d831a2517436e95cbf38aa0bd401eea76f79fd79883d83a596a7738,T. Lamptey,1,51,0xd1006d96bbb6b5fb744959f390735d5be8126631
0x32fde872ed49379c3ce31c18147e6d92fde6d7adce9e34cc5d9ba3679ac9fb6c,Igor,1,51,0xd1006d96bbb6b5fb744959f390735d5be8126631
0xbfe9e330d6fd3ae23211f52b1aa93eb78a30181cc04a6848bacce366223b3f35,A. Webster,1,51,0xd1006d96bbb6b5fb744959f390735d5be8126631
0xc02f6fa4a128f022002bffe62f8273562a41f356bca307ff01546d04d5ece368,L. Dunk,1,51,0xd1006d96bbb6b5fb744959f390735d5be8126631
0x70d353eaef534083fb430650e3823df7055d78f4b5de24dde1aa24f33e604f56,J. van Hecke,1,51,0xd1006d96bbb6b5fb744959f390735d5be8126631
0x162ef3919a0860342c3445b3dbe085ead0a395ee1fb5dddedb8c4f62c031a620,P. Estupiñán,1,51,0xd1006d96bbb6b5fb744959f390735d5be8126631
0xc67802f7bfe34d2d0b4dfab899649f445f07e5539efa15591cb57f926f92d0ed,J. Veltman,1,51,0xd1006d96bbb6b5fb744959f390735d5be8126631
0x4a3c5d25563008ef667a5373940c79a47015448352b29c3d6bc7ed43c152ad85,Ruairi McConville,1,51,0xd1006d96bbb6b5fb744959f390735d5be8126631
0x0c6cda0934bd33d36af29b3c137dafa2a5598ebe7cfeaab8d01e8dd537dfca1b,I. Samuels,1,51,0xd1006d96bbb6b5fb744959f390735d5be8126631
0x9cc0b7a915341d1ef246e2a9a92998c32de735d5108b0638e671463147f7a0a6,E. Turns,1,51,0xd1006d96bbb6b5fb744959f390735d5be8126631
0x1537e1a87163c675a231bd867ce9458f6e0c8511dca79235fc992d11ac50c219,J. Slater,1,51,0xd1006d96bbb6b5fb744959f390735d5be8126631
0xd3c4aa168c5cc1e0804c47c68368e8975bbddb2c159f8a4225c63b63b49adade,J. Milner,2,51,0xd1006d96bbb6b5fb744959f390735d5be8126631
0x9cd0a1dd85b193c4d95adc5b787e2fafe8c75a7d63f2b2dcd07ce8c9f55a74fa,S. March,2,51,0xd1006d96bbb6b5fb744959f390735d5be8126631
0x8f126f294de126a0ffa22f60600b815d9571a26671d9dbe8becc401d911266e5,B. Gruda,2,51,0xd1006d96bbb6b5fb744959f390735d5be8126631
0xf67573e4d8ba50e89733500a74a4530015ae149ee378109e3ab8c0fbea97c720,J. Enciso,2,51,0xd1006d96bbb6b5fb744959f390735d5be8126631
0xbc32f76d94b9eac479db130d35e8d500c4f07110399fa5364c3eac9412966472,J. Moder,2,51,0xd1006d96bbb6b5fb744959f390735d5be8126631
0x6e572cccb7c8e8b2da52a1d734a4f66a1b3ff9240ac548a1e161fc2b44452935,C. Baleba,2,51,0xd1006d96bbb6b5fb744959f390735d5be8126631
0xdc633a7fec02c087e1d944644abaa5c4ad17cf7434617f2e2144edce3fc1705d,K. Mitoma,2,51,0xd1006d96bbb6b5fb744959f390735d5be8126631
0x59a3d80bba824063afdd6778fbba61fcbf658f6c83629ca3046bdbb8381d3c78,F. Kadıoğlu,2,51,0xd1006d96bbb6b5fb744959f390735d5be8126631
0xf2321c888fdfcfc562e9335760922fb2506430d56007a092997a4b858e6f2f04,Y. Ayari,2,51,0xd1006d96bbb6b5fb744959f390735d5be8126631
0xd1db89c64bc10b91b726e67a8d80dafc3e1c6386c14ce22ce70d6f42cdd06cf3,M. Wieffer,2,51,0xd1006d96bbb6b5fb744959f390735d5be8126631
0x8acb9c341eb31dbdbe0750afd2be903d2c974a450b8d7cd6d86e92f8ae719713,C. Peupion,2,51,0xd1006d96bbb6b5fb744959f390735d5be8126631
0x4171332db3fcd763fbcd49b97c5cc12e9e2ed67e1b83521b387b25c0a37e451c,M. O'Riley,2,51,0xd1006d96bbb6b5fb744959f390735d5be8126631
0x298358b395ad0ed42abf031fce3e68c9b4e2fc1079122232ed2fd59c7d53a991,J. Hinshelwood,2,51,0xd1006d96bbb6b5fb744959f390735d5be8126631
0xa7c4646f99aeeaf12a571ba5a3f2952f0cc54e7f455e82d6df23beb98470df7c,João Pedro,3,51,0xd1006d96bbb6b5fb744959f390735d5be8126631
0xb32a986214a755f60130260a71024885e1a40b2d1533d79e5cc2e65adbe1cd0d,S. Adingra,3,51,0xd1006d96bbb6b5fb744959f390735d5be8126631
0x410083b117b70a7e200c3e3bac6b2a8659b28a784c1a17c226db36a340fafa4c,G. Rutter,3,51,0xd1006d96bbb6b5fb744959f390735d5be8126631
0xabf2a2561b75ec2cd340e10cc6a7825f51e3fa44fdff73822147b2467ac55957,Y. Minteh,3,51,0xd1006d96bbb6b5fb744959f390735d5be8126631
0x027069c1b0cbc1931e1107eaa1b9b687eb94342f4cae5bc80c51861de6eedd1d,D. Welbeck,3,51,0xd1006d96bbb6b5fb744959f390735d5be8126631
0x133bd050327413ea8c974945a4dd290db5056be43ae61a095c1b72d1374a60d4,E. Ferguson,3,51,0xd1006d96bbb6b5fb744959f390735d5be8126631
0xbcd2d386c1ec73e0dfaa72ecbb89df77fad222fc47a8fed81347aafcefce425a,D. Henderson,0,52,0xd1006d96bbb6b5fb744959f390735d5be8126631
0x57fc1489ab0d3ae8723c855f010357f85b66730ddceb35fbb4d800cd5b09f575,M. Turner,0,52,0xd1006d96bbb6b5fb744959f390735d5be8126631
0x397056cd32158a2bfeee8606442b1b1831b0b82ca0a337d1bbbf64afa6c678b5,R. Matthews,0,52,0xd1006d96bbb6b5fb744959f390735d5be8126631
0x86e390eb95b9ad966ddd3bf27bab31f38d9b346278a1af77de31cae69d5a1905,J. Ward,1,52,0xd1006d96bbb6b5fb744959f390735d5be8126631
0x2851d72340883f0a534ea10472705c9b9967d2dc6474d77b6327ac6c7d206ae9,T. Mitchell,1,52,0xd1006d96bbb6b5fb744959f390735d5be8126631
0x9c692c8e835958e1de5e07e3e1319b8f2a71423e515bdd5b52876e96fb845fe7,R. Holding,1,52,0xd1006d96bbb6b5fb744959f390735d5be8126631
0x4fe9f2d1e38b5f3f3c3919a64510a0f8de6f642f182e67cbfdc48ccbdca593a0,M. Lacroix,1,52,0xd1006d96bbb6b5fb744959f390735d5be8126631
0x5c867ec66921be2a849db87216be10cbe512bfc89020a44de1e1b16187f473fa,M. Guéhi,1,52,0xd1006d96bbb6b5fb744959f390735d5be8126631
0xfb3c0804165e746ed396ed88364190ad53145c4fd9101022d340c9dbc494af9c,D. Muñoz,1,52,0xd1006d96bbb6b5fb744959f390735d5be8126631
0x806026f10f381a2214eb7f2eb833973db8eafa4a0c39e5ae64c9586a94583a03,N. Clyne,1,52,0xd1006d96bbb6b5fb744959f390735d5be8126631
0x08c34774731d60c297c07ec9ba668aae857a238787b1160cf9bba9ea90e60275,C. Richards,1,52,0xd1006d96bbb6b5fb744959f390735d5be8126631
0x975e8e5aaaf60d36b66eb2ccee2691b1bbd2c5b918d3c7df031110df8f687ec4,T. Chalobah,1,52,0xd1006d96bbb6b5fb744959f390735d5be8126631
0xe4128ba184d9591dfee602956a37d49d7610dabb8c78187f379030091f3d5e9d,C. Riad,1,52,0xd1006d96bbb6b5fb744959f390735d5be8126631
0x67a4fd3b352b1e21f2e8a5ca964168b1261e0e133ce6f44c6da95c2e70ff6aa0,C. Kporha,1,52,0xd1006d96bbb6b5fb744959f390735d5be8126631
0x53463682e00b503dbfa22f237106ffb3a177ebe46a06441bf4d8631df9438e58,J. Lerma,2,52,0xd1006d96bbb6b5fb744959f390735d5be8126631
0xca7873f865c5fa12d4e874037b98a1aa9d72500874ac537019a607dfc3484bcb,E. Eze,2,52,0xd1006d96bbb6b5fb744959f390735d5be8126631
0x9584607553619720abce7e55d7149027e1ffa9f4ebe19025336dc4f1f8418677,J. Schlupp,2,52,0xd1006d96bbb6b5fb744959f390735d5be8126631
0xe8f33b6e013cd098176f98c44881c1eae422e4459ed200e50ed0e8d3d7b246db,D. Kamada,2,52,0xd1006d96bbb6b5fb744959f390735d5be8126631
0x71cd6a23a5d37ab8cfaf80d362560b443b7e9e5ad266be2e0da5c3f79d4ef538,W. Hughes,2,52,0xd1006d96bbb6b5fb744959f390735d5be8126631
0xca8fce03080f0a185cd2a994ed927313affdf3c686d97124ddf895cd0673f1f8,A. Wharton,2,52,0xd1006d96bbb6b5fb744959f390735d5be8126631
0xde0593b28fc0f8be53b25e86c74168443f71de05294ab7699506dfc64aafc745,C. Doucouré,2,52,0xd1006d96bbb6b5fb744959f390735d5be8126631
0x447381d673f13ca8855ed6a1ff8ad67359e1ba0083336c285d896f0d471b4e24,K. Rodney,2,52,0xd1006d96bbb6b5fb744959f390735d5be8126631
0x6a65ef0c9b1bb1df5a0b1ede27ab1bd4276e39aa51d5dfe91e8dd9921ee20ffe,J. Devenny,2,52,0xd1006d96bbb6b5fb744959f390735d5be8126631
0x43553d7f43ada361930774d1536f4bf14d8a6f203ea49f32313c0b0a0d59a1a7,A. Agbinone,2,52,0xd1006d96bbb6b5fb744959f390735d5be8126631
0x6829e0a14cc72bef6dda8efe24a0665d49dd21d9ee8d17622fb815373658706c,I. Sarr,3,52,0xd1006d96bbb6b5fb744959f390735d5be8126631
0x82d4b3a4d8f8052c9e84dd8662f036376dc3cef8c6e6b38e423e059be8fb3360,E. Nketiah,3,52,0xd1006d96bbb6b5fb744959f390735d5be8126631
0xb419a9525cbb7d675517408a1262c81bb6f1740ab605e7d66ba1bfb4444bef27,Matheus França,3,52,0xd1006d96bbb6b5fb744959f390735d5be8126631
0x3229ee63a139dd4a9d584989073b74a163b46b9f3cb3ab8cdfc24215ff316c2a,J. Mateta,3,52,0xd1006d96bbb6b5fb744959f390735d5be8126631
0xfd22e3e83cf36206e7599ec220fc8878d52353390d69c3b4ff141595410ae113,F. Umeh,3,52,0xd1006d96bbb6b5fb744959f390735d5be8126631
0xcfdd808d1084839d6b887996c439672b34c2a9e765957b5bb38e89d18d2304ac,Z. Marsh,3,52,0xd1006d96bbb6b5fb744959f390735d5be8126631
0xb25251cf16bbbdee8caaeb62159069ca8790e3c8a0ac40b51cf1cf370e114fd9,M. Flekken,0,55,0xd1006d96bbb6b5fb744959f390735d5be8126631
0x6311291b606217f070fb76a378028611e74f61f14afdba5d9e8339b88f2fe9a7,H. Valdimarsson,0,55,0xd1006d96bbb6b5fb744959f390735d5be8126631
0x2e6febb56d2ec42f19bfd33d0822cdb107b872d00c4e0c27d8b2c19f5f5443d0,M. Cox,0,55,0xd1006d96bbb6b5fb744959f390735d5be8126631
0xe1ac9666fb8d58127f19b7345c5496137420d08288abf2381155ef2f0a7cb723,J. Eyestone,0,55,0xd1006d96bbb6b5fb744959f390735d5be8126631
0xa3bc0b391d918c529ef6c9dde459649fad71bb90dc8ed2e3485fac51764b1f22,A. Hickey,1,55,0xd1006d96bbb6b5fb744959f390735d5be8126631
0xa89359c5d1e138658792282ba795c039d97cd48a665e926386142304e7f82107,R. Henry,1,55,0xd1006d96bbb6b5fb744959f390735d5be8126631
0xf3fd9d121c10d5cffeb1ad9f2cec87d03a974d20b711441de5c9997e359538c4,S. van den Berg,1,55,0xd1006d96bbb6b5fb744959f390735d5be8126631
0xc5bc9e70b9fef2b041fabd1b678fc1fbe5ca3cd466065f12efb34b60f15ff64d,E. Pinnock,1,55,0xd1006d96bbb6b5fb744959f390735d5be8126631
0x196c84aea9309b0c4499d9d816c9b527b673af65fbc5999f4088b46cda65cfc7,B. Mee,1,55,0xd1006d96bbb6b5fb744959f390735d5be8126631
0xba12c15afe5fea2f53008c4e22dff0a0747c3ac12e967da1543e54cae0f8c9f9,K. Ajer,1,55,0xd1006d96bbb6b5fb744959f390735d5be8126631
0xa6dfed5c2564bc87e472f1fbaf22d0471454578434cff7f2cdee616e096115b1,J. Meghoma,1,55,0xd1006d96bbb6b5fb744959f390735d5be8126631
0x89d65f6023ebd84ed2d79d007ec6f0a55610dff9305ff05b260ccb3bbdf16afe,N. Collins,1,55,0xd1006d96bbb6b5fb744959f390735d5be8126631
0x04751215c7daeb5c1107296787f2689ef446e9a5320e25702b079d1f9dbb3a63,M. Roerslev,1,55,0xd1006d96bbb6b5fb744959f390735d5be8126631
0xcdbde1b1c8d41f5e3a903f83c9482550fbe624f5d9c1e68a4a7d9b93cfcfd8d3,Kim Ji-Soo,1,55,0xd1006d96bbb6b5fb744959f390735d5be8126631
0x6d6fc1be508fb8ff57f44c8591c16e402244180723e439280ce5fe8d34722afd,C. Nørgaard,2,55,0xd1006d96bbb6b5fb744959f390735d5be8126631
0xd9d491fcd4b25cd7a71d929900cceeb280e16f1d6e7101fe64167f00661172c3,K. Schade,2,55,0xd1006d96bbb6b5fb744959f390735d5be8126631
0x2b8f5ec826cd3e81334ec619c7b5d57aeddc0cd25583ce82b1e32bd30a03f60b,M. Jensen,2,55,0xd1006d96bbb6b5fb744959f390735d5be8126631
0x05b7d7a4ec0850c9cc21fd791aa1bc9b80b90eb22a1815d7740b8395313091f5,J. Dasilva,2,55,0xd1006d96bbb6b5fb744959f390735d5be8126631
0x7af363a8590c1462f70d4b4fbf4c5d88ecf63ee54797c8500f976188daf6d7a8,Y. Wissa,2,55,0xd1006d96bbb6b5fb744959f390735d5be8126631
0xccf3111b4e15625e75f0bac52a30d38fbb9d3e63e3a02ee474c9bf3199c40bd0,Fábio Carvalho,2,55,0xd1006d96bbb6b5fb744959f390735d5be8126631
0x59564dec96781c083e5e7b3f86124f108e9e90f15bc1dc121187f8f308243ec3,Y. Yarmolyuk,2,55,0xd1006d96bbb6b5fb744959f390735d5be8126631
0x6df66ab38127ffb6f6cdf60505f707fd57f16d7f473c073387f56e9687979ada,B. Mbeumo,2,55,0xd1006d96bbb6b5fb744959f390735d5be8126631
0x62f368fd64132a46aef790d17c89a6b93dd905695900d8535ab0824a1c5296bb,M. Damsgaard,2,55,0xd1006d96bbb6b5fb744959f390735d5be8126631
0x84dbeabc13644429745f950bb152e1020a91ab98c0413b72b3959f7339ba0186,Y. Konak,2,55,0xd1006d96bbb6b5fb744959f390735d5be8126631
0x5ecbeb6fcfce595af175187a59aec7ee1ab5f546174e8356cb7d4cc6ce9f516f,V. Janelt,2,55,0xd1006d96bbb6b5fb744959f390735d5be8126631
0x26e08d5c1af429e4249347a7dcdd4d2272c334de11a542054b1912e5cd17c00d,R. Trevitt,2,55,0xd1006d96bbb6b5fb744959f390735d5be8126631
0x2bde94c33cadf745f0c2796290980b7e223c5a1c8e83e70ed7d3904e501f6252,P. Maghoma,2,55,0xd1006d96bbb6b5fb744959f390735d5be8126631
0x876daf1fb1fb96894f3c4e9e165bfa1ca07660e0e949bf660671b32288bf4961,Tony Yogane,2,55,0xd1006d96bbb6b5fb744959f390735d5be8126631
0xb629f8cbb232736a5cef875215d00c1c076e48c9280acc244482b394331a1543,Thiago,3,55,0xd1006d96bbb6b5fb744959f390735d5be8126631
0x05a3eacf7b05e5b7170ba1a503ca7b82f958abad29b707ee1c0c66d6b081ba71,K. Lewis-Potter,3,55,0xd1006d96bbb6b5fb744959f390735d5be8126631
0xc803687094595cde0d3b8c817a804a71402005504a28b28d0e2a980c1059c098,Gustavo Gomes,3,55,0xd1006d96bbb6b5fb744959f390735d5be8126631
0x650804f97f26ae7c87d14eb640b6be8112d65e9ddf6e65d620e331da3778d2a2,Iwan Morgan,3,55,0xd1006d96bbb6b5fb744959f390735d5be8126631
0x0454da402097dc64859404880928723c302d1de841198744e207b6bf744e1047,A. Murić,0,57,0xd1006d96bbb6b5fb744959f390735d5be8126631
0x5b14d726fc4f3619718f73a6c618507283915d6ce71c8128a15e09b301a417c9,C. Slicker,0,57,0xd1006d96bbb6b5fb744959f390735d5be8126631
0xd3fab50158da279c8f410184a3b2838f6fe17a9aa1c7bdb17b233d4fe496eb5e,C. Walton,0,57,0xd1006d96bbb6b5fb744959f390735d5be8126631
0x9215340ba1c8f56780825c102cae73b5304bd11d9caa8f22e191b817ee765c13,H. Clarke,1,57,0xd1006d96bbb6b5fb744959f390735d5be8126631
0x71a46e36d3f489a2559b78b3c6e370502de5000cce1c1519d2bee283e56b3c1f,L. Davis,1,57,0xd1006d96bbb6b5fb744959f390735d5be8126631
0x1cddbd4c00c2f1e9ea258f37a932c8a1169baf975031c307fd4ce2a1232dfafb,L. Woolfenden,1,57,0xd1006d96bbb6b5fb744959f390735d5be8126631
0x2b0c6e95f030329312f45e9d0968909030b7db855c9d8616a86396adef80a7c3,C. Burgess,1,57,0xd1006d96bbb6b5fb744959f390735d5be8126631
0x584350fe50da45639e2624fc8a122356efc2495e8120fbf616497cff597dd985,B. Johnson,1,57,0xd1006d96bbb6b5fb744959f390735d5be8126631
0xb9a2b2d653c94cec9c399675afd55b7cc3b2cda807c3d8fd7702f485d2588c65,C. Townsend,1,57,0xd1006d96bbb6b5fb744959f390735d5be8126631
0x447423ae1a715c24d87166d94e7aae078e673ec389c41d10a7c56aabb6295377,J. Greaves,1,57,0xd1006d96bbb6b5fb744959f390735d5be8126631
0x11ed7d1d0dcf90258f812b42cf0b04535945b0646be93110961331f0b7840786,D. O'Shea,1,57,0xd1006d96bbb6b5fb744959f390735d5be8126631
0x9df746187620e13a0ab8a4d1fb17306e933eb238da9150929b399ddf391dc824,A. Tuanzebe,1,57,0xd1006d96bbb6b5fb744959f390735d5be8126631
0xea9d20e4af30c4225318c2149dce5350efc66f8fedc1787f5befcd97b63773d0,J. Donacien,1,57,0xd1006d96bbb6b5fb744959f390735d5be8126631
0x171badf33aac84b3329a04e74a387f3b3b2f89a57839384f7cd1c690352e1392,Sam Morsy,2,57,0xd1006d96bbb6b5fb744959f390735d5be8126631
0xee80f1d7b76f80c0d286fe356caeb5bda0b0dd6c5e458d27d793cd088eff23cb,K. Phillips,2,57,0xd1006d96bbb6b5fb744959f390735d5be8126631
0x2ff07bc4b40c2d1fa3f025b2bc9a313aa01e149f5833da1b016d6b7b6aa615fb,J. Cajuste,2,57,0xd1006d96bbb6b5fb744959f390735d5be8126631
0x2ed55216164f52274d23145cf9815126e73d04879e94d6b2329a9493a7628f16,J. Taylor,2,57,0xd1006d96bbb6b5fb744959f390735d5be8126631
0xa90a926d469bfaba02974f57f9e52e79a26220e5e88e5aa9c5197dc5788fe592,S. Szmodics,2,57,0xd1006d96bbb6b5fb744959f390735d5be8126631
0x709bee2f1a066e60cc42b3e08051bbea87921980b0fdeade81423e1ebdd131d2,M. Luongo,2,57,0xd1006d96bbb6b5fb744959f390735d5be8126631
0x899e0d766ef63591c91cf8266f9c0d5abd9b246447f38470c71bd231a60742e9,W. Burns,3,57,0xd1006d96bbb6b5fb744959f390735d5be8126631
0x8e86329e2e4fd04e85434ac9a215bf338f3361ef365b4f1e387b70ef69cfa05c,C. Chaplin,3,57,0xd1006d96bbb6b5fb744959f390735d5be8126631
0x382a0e37852af351827535a664525a844598405f45ce822ab9426d3cce2bdeb5,Ali Al Hamadi,3,57,0xd1006d96bbb6b5fb744959f390735d5be8126631
0x64fd39ad80a3a22ef73b6d03eff41d878de60e8660727331e22b6c7502493fd7,L. Delap,3,57,0xd1006d96bbb6b5fb744959f390735d5be8126631
0xe3e20cd55a4cd0e755804812714ef44689c6efe1e574cd9d750440dd7f80f317,O. Hutchinson,3,57,0xd1006d96bbb6b5fb744959f390735d5be8126631
0x8be70f449d2f2192a2660eb7e7979f67c91bc513b01b7eaff4c31e186867e373,C. Ogbene,3,57,0xd1006d96bbb6b5fb744959f390735d5be8126631
0x1641fca8cfa43aba2fad85319241030206f965a10f617ae32484e11cd66ec1c2,G. Hirst,3,57,0xd1006d96bbb6b5fb744959f390735d5be8126631
0x11cabcabaea62d2e3034b26b6e1efbb9873711244154626f3863e4d9edccdbb1,N. Broadhead,3,57,0xd1006d96bbb6b5fb744959f390735d5be8126631
0x393f52a76572bf976f9e497bd6a4daeb9888f6f114c84a8bea3913880888117e,J. Clarke,3,57,0xd1006d96bbb6b5fb744959f390735d5be8126631
0x597bce06f508da797bd14529eb07b996e6900c21e3c9e2fe629cc9244184edd8,M. Sels,0,65,0xd1006d96bbb6b5fb744959f390735d5be8126631
0x65fcfaa16022a607e264fae4a55c35dc52ce2c623e1a2c2e329ad99103139e80,Carlos Miguel,0,65,0xd1006d96bbb6b5fb744959f390735d5be8126631
0x52c50b0f8e151680d663b4dc47960884998a9fe0703697f392b8d018a06d23c6,Morato,1,65,0xd1006d96bbb6b5fb744959f390735d5be8126631
0xbe074daf6ae55588b128a76d244ef903b1027137cf9b4c454fcc0bc4e7f8b50a,Murillo,1,65,0xd1006d96bbb6b5fb744959f390735d5be8126631
0x6dc4a8b31d1f862595120b11036765203f74dc9741762f197cb4aed00bcf08a9,N. Williams,1,65,0xd1006d96bbb6b5fb744959f390735d5be8126631
0xb5c6d3f7c63d42554ebe7f7636dc551ede912a337b7d40d1fcdfe833c62b018e,A. Omobamidele,1,65,0xd1006d96bbb6b5fb744959f390735d5be8126631
0xeef6cf02b5245cb4e2b4ada718bc083e38e4fb7c7801e24db0f8d674c4af1dc9,H. Toffolo,1,65,0xd1006d96bbb6b5fb744959f390735d5be8126631
0x4f524c825a66583a58558e6e0b32d058c9be74d29b3aa62e7cf66aacda055743,Álex Moreno,1,65,0xd1006d96bbb6b5fb744959f390735d5be8126631
0x44e90c95c5944ea4eb2d2544b88d65939cd92f4efeac4e243d4964f60a883a9c,W. Boly,1,65,0xd1006d96bbb6b5fb744959f390735d5be8126631
0x202d5133c04306a8741c7b0ccf32429fa5e5673188281167c1740b1172f2bb83,N. Milenković,1,65,0xd1006d96bbb6b5fb744959f390735d5be8126631
0x88b97e448d2b766c2fa0f5d471a32fa7c8859999cdf93611694985a731993b59,O. Aina,1,65,0xd1006d96bbb6b5fb744959f390735d5be8126631
0xdf91276a72143354d8c13078baecb26bc3b3506768e99c1f3c3016d954b3b782,Z. Abbott,1,65,0xd1006d96bbb6b5fb744959f390735d5be8126631
0x5d3a8ecf8a310b9f686923026cc665ecbab64049d1974b1c71ed86b6ab9bd1d1,I. Sangaré,2,65,0xd1006d96bbb6b5fb744959f390735d5be8126631
0x09e7ce39297eb66261b14f4ffc429b0f587d7e6d1cd92fdb33181ee5924d3bde,E. Anderson,2,65,0xd1006d96bbb6b5fb744959f390735d5be8126631
0x6261b5d8ec6f722c3e6c61cfeebef9e64c7c4fb111eff138c8bf86930e83a714,M. Gibbs-White,2,65,0xd1006d96bbb6b5fb744959f390735d5be8126631
0x74c7ba1b4284097a22352519583596ab02bfa2eb4e83162c9b2de05d1095b865,N. Domínguez,2,65,0xd1006d96bbb6b5fb744959f390735d5be8126631
0x923db9c06155d80c7523c17198ffe0167cbb3629e2d2f3f0df3b831ce8649b40,J. Ward-Prowse,2,65,0xd1006d96bbb6b5fb744959f390735d5be8126631
0xfc73c3993d58ad86049f9ba0d09ef491847770c5c2da34ae685f1993af9496c6,R. Yates,2,65,0xd1006d96bbb6b5fb744959f390735d5be8126631
0x225b9e26eb18b5160543e0ae468a2c042e227098726e6ba390dcedcd010e9a9b,Danilo,2,65,0xd1006d96bbb6b5fb744959f390735d5be8126631
0xaf8371d8a572ce8812bbce54712aff2139d0240a800ac041ce37ca8f31456ed1,Ben Perry,2,65,0xd1006d96bbb6b5fb744959f390735d5be8126631
0xf175d0fa6fdcb02edf4f46731551be004437fa74107e35c73140a41e58579dbd,T. Awoniyi,3,65,0xd1006d96bbb6b5fb744959f390735d5be8126631
0x4cee5a5f38acd4f37efad2afc847e3b334aa52f17ae42c2b42142f76b4ba43d6,C. Wood,3,65,0xd1006d96bbb6b5fb744959f390735d5be8126631
0x62b4678dc56b1b6416e466dcea28406c93cee01ccb284dfc67ba2332cce65e85,C. Hudson-Odoi,3,65,0xd1006d96bbb6b5fb744959f390735d5be8126631
0x4ddabcdeb9cd268843fc180c73fac2acf192de4b1613fb0b9afebf02234460c9,Eric Emanuel da Silva Moreira,3,65,0xd1006d96bbb6b5fb744959f390735d5be8126631
0xd2cdc412784322c5fe32bd2914305f9d5769e289e279095f68ff5b9fb800e49e,Jota Silva,3,65,0xd1006d96bbb6b5fb744959f390735d5be8126631
0x6e99eeef1e8521db7e954f4d52e563849e5d40cc3d5a200c5dde448336c886f2,A. Elanga,3,65,0xd1006d96bbb6b5fb744959f390735d5be8126631
0x3dbd91df40f17fe0dc1c7bffc18e1d8c3fb950b0e14a1cfbe94d597509b2c195,R. Sosa,3,65,0xd1006d96bbb6b5fb744959f390735d5be8126631
0x63574d290e168ee59838fb8e55aa39acdfb46549a5af1af520bf78862b1b16ed,E. Dennis,3,65,0xd1006d96bbb6b5fb744959f390735d5be8126631
0x1d11503a595e62be5e7a11cd72a15b6d6655224cd2195ea988c443ac1b6dd354,J. Gauci,0,66,0xd1006d96bbb6b5fb744959f390735d5be8126631
0x87f251927063c4e748c2c830e8038e4df403c4b3171e21373880dac32605ee88,E. Martínez,0,66,0xd1006d96bbb6b5fb744959f390735d5be8126631
0x4e5c19cbd1ee5402e85386dbd5a9f09a4af1b81f6e201676b0d73f4ab00bead9,R. Olsen,0,66,0xd1006d96bbb6b5fb744959f390735d5be8126631
0x34235c3d41456260689b49c1c5618a4ec6d543e6b183ae5d07a4c70459efeb38,O. Zych,0,66,0xd1006d96bbb6b5fb744959f390735d5be8126631
0xbf7c8e63ba7ada76c2521594ac30b3a752e132e4c1489531758bcb729e3150ac,M. Cash,1,66,0xd1006d96bbb6b5fb744959f390735d5be8126631
0x4d0bc174436b0929b876b8c0ab702932dcf97f2fe3ab9581f96072a9110a5ff4,Diego Carlos,1,66,0xd1006d96bbb6b5fb744959f390735d5be8126631
0x86afdf6aeb91aeef44138cc2f58dee1cde749dd56efb4622b24ba517e9df39e4,E. Konsa,1,66,0xd1006d96bbb6b5fb744959f390735d5be8126631
0x58d4637e5b3637a3b7bbe974a51fb5ccf3090016f19851b53aa3606b586f321d,T. Mings,1,66,0xd1006d96bbb6b5fb744959f390735d5be8126631
0xad4fbfc02efb03b675493b8c942ddf535642c441e1e78bbfe9467d725e565388,L. Digne,1,66,0xd1006d96bbb6b5fb744959f390735d5be8126631
0xc1f25b00ab179ffa9d0e5e8afcb46635d7cd92a41aedb3e681f429f4f1d6665a,Pau Torres,1,66,0xd1006d96bbb6b5fb744959f390735d5be8126631
0x97de817528c5b8a0c1e88f9e57571e45c0d50f6c8d17c18f86e52cb84af67930,K. Nedeljković,1,66,0xd1006d96bbb6b5fb744959f390735d5be8126631
0x213071d32234c22c58fe0aeca3b99944cce9d3a0f45e1f0a03c5539b736e1034,I. Maatsen,1,66,0xd1006d96bbb6b5fb744959f390735d5be8126631
0x19d16cd1b1fb81e6b15b14a14b3e2892eb0302e6f387076822ac40a8e9a7a16c,L. Bogarde,1,66,0xd1006d96bbb6b5fb744959f390735d5be8126631
0x708d05a5d8281ee5477e7ef6e0338bc729853664c59834efd9ddde509b46082e,K. Hause,1,66,0xd1006d96bbb6b5fb744959f390735d5be8126631
0x4891cc87e1194df99aca5f13ca197a0a582abc71846164452c7e4a3189dbd5c8,Triston Rowe,1,66,0xd1006d96bbb6b5fb744959f390735d5be8126631
0xa6497892d0ae42c5baccc71fc4ba68269a54c28e8652348b927c93fe3e5cc525,S. Swinkels,1,66,0xd1006d96bbb6b5fb744959f390735d5be8126631
0x47b0238d70fdaff608edd92e15bd220daf26ab9728718d5090d6a36cff50b29d,T. Patterson,1,66,0xd1006d96bbb6b5fb744959f390735d5be8126631
0x5d7820a63bfc2389f0657984ab1d4fea231315cf39804860d36d27c68ad84f71,T. Katsukunya,1,66,0xd1006d96bbb6b5fb744959f390735d5be8126631
0x7a30e9962e08b82fc32cca5d4d24ec1cb3df7ced12da82eb6a5aeed6a9067b00,R. Barkley,2,66,0xd1006d96bbb6b5fb744959f390735d5be8126631
0xa38c9e5e286654dc5aa61cb7751003218c517aaed7ba1930ff4dd25789ecef20,J.  McGinn,2,66,0xd1006d96bbb6b5fb744959f390735d5be8126631
0x8013a353fcc04d363df5e3564b74baa9c5310c7488d11893c19b675ea9c0610b,Y. Tielemans,2,66,0xd1006d96bbb6b5fb744959f390735d5be8126631
0x2cde53c0ef4a5ff289fc9b86214e4f70b1dab0808cbd5eec08d49889016298a5,E. Buendía,2,66,0xd1006d96bbb6b5fb744959f390735d5be8126631
0x3d4813a265b2dd6029a06f09fd1c7ce848f2aea935b9f2a669958f8c7f44eaf9,A. Onana,2,66,0xd1006d96bbb6b5fb744959f390735d5be8126631
0xc3ac0280288a6ac0c001c96c2ca79261dc8895dfa2f00d005dad583f345be6e6,L. Bailey,2,66,0xd1006d96bbb6b5fb744959f390735d5be8126631
0x1bef301386f8846752f4551d681b4da6c8e7e80fdf87f136e3acf85e386f90bc,J. Ramsey,2,66,0xd1006d96bbb6b5fb744959f390735d5be8126631
0x9556d2ef68dfadfec7db41b9b659cf3c9dc77eadec09ff14f9381330a89af70d,B. Kamara,2,66,0xd1006d96bbb6b5fb744959f390735d5be8126631
0x4b4efc992ab0ef3ba7e99f1eda593ca6e2d1e642eaeb94f3bc9ac1bc2a853906,Aidan Borland,2,66,0xd1006d96bbb6b5fb744959f390735d5be8126631
0xf2b09fa04282454242e2dfa6f5e957aa256fd3875de86788152a8dfae9c884c0,J. Jimoh,2,66,0xd1006d96bbb6b5fb744959f390735d5be8126631
0x29f41e2b4261d5c730ccbfa33a5b2c1efcf26b1300a7f6480ae891ff320d73d7,B. Broggio,2,66,0xd1006d96bbb6b5fb744959f390735d5be8126631
0x67d7ef301f9167c0fce677de6470cf2ca76eab17ce439e7868bc3cfedf46bcba,J. Durán,3,66,0xd1006d96bbb6b5fb744959f390735d5be8126631
0xff584afb400d3922b5aaaf00515e0b0dfe044df97955b5951227c5dd150b6eaf,O. Watkins,3,66,0xd1006d96bbb6b5fb744959f390735d5be8126631
0x1b2866be5a2683711f52afdd8365852521ce5c64c10f245dc5f0e1781399cfe8,J. Philogene,3,66,0xd1006d96bbb6b5fb744959f390735d5be8126631
0x6dc4c90dcfe1c84ab271f71ed73b38e0fd4785d02058f89836cdd57fca03ee9f,M. Rogers,3,66,0xd1006d96bbb6b5fb744959f390735d5be8126631
0x8f0bcfab9b5a0c5ba9572a47d7daf428530c50e7a5968af3eab6523749902871,K. Young,3,66,0xd1006d96bbb6b5fb744959f390735d5be8126631
0xbb254a2ef33d4a73e633de468ab2e68e3bd728579b3667e19b02fbfa8e2035bf,Kobei Moore,3,66,0xd1006d96bbb6b5fb744959f390735d5be8126631